,timestamp,Dry Bulb Temperature,Absolute Humidity,Relative Humidity,lights,plug,Chilled Water Power,Electrical Fan Power,Room Temperature,SDE4 Beehub VAV-L3-02 Airflow,SDE4 Beehub VAV-L3-03 Airflow,occ
96,16/03/2020 8:00,28,21.19,77.7,0.21,0.62,126.83,3.17,27.1,1276.59,1455.31,low
97,16/03/2020 8:05,28.1,21.24,77.6,0.45,0.67,122.34,3.27,27.1,1370.17,1459.98,low
98,16/03/2020 8:10,28.2,21.36,77.6,0.45,0.65,128.3,3.27,27,1343.48,1461.72,low
99,16/03/2020 8:15,28.2,21.44,77.8,0.45,1.02,130.36,3.17,26.9,1336.5,1455.32,low
100,16/03/2020 8:20,28.2,21.45,77.4,0.45,2.37,127.43,3.29,26.9,1343.89,1334.16,low
101,16/03/2020 8:25,28.2,21.31,77,0.45,0.64,128.87,3.29,26.9,1144.12,1136.67,low
102,16/03/2020 8:30,28.4,21.54,77.3,0.45,0.66,123.36,2.92,26.8,723,762.24,low
103,16/03/2020 8:35,28.4,21.37,76.8,0.45,0.69,118.4,2.82,27,621.07,637.69,low
104,16/03/2020 8:40,28.4,21.51,77.3,0.45,0.65,121.47,2.71,27,625.16,627.86,low
105,16/03/2020 8:45,28.5,21.51,77,0.45,0.65,122.88,2.71,27,620.62,627.86,low
106,16/03/2020 8:50,28.4,21.37,77,0.45,0.69,121.85,2.71,26.9,582.01,569.71,low
107,16/03/2020 8:55,28.4,21.48,77.2,0.45,0.71,107.58,2.71,27,623.35,610.96,low
108,16/03/2020 9:00,28.5,21.6,77.1,0.45,0.92,121.26,2.82,27.1,768.18,778.42,low
109,16/03/2020 9:05,28.5,21.57,77.1,0.72,0.66,128.27,2.94,27,899.23,891.32,low
110,16/03/2020 9:10,28.6,21.57,76.5,1.07,0.64,120.83,2.94,26.9,819.85,804.16,low
111,16/03/2020 9:15,28.9,21.57,75.4,1.04,0.63,123.69,2.72,26.9,426.13,422.84,low
112,16/03/2020 9:20,29.4,21.48,73.1,1.05,0.66,125.23,2.72,27.2,678.16,688.09,low
113,16/03/2020 9:25,29.6,21.72,73.2,1.05,0.61,124.66,2.96,27.1,965.7,999.39,low
114,16/03/2020 9:30,30,21.91,72.1,1.05,0.63,128.97,2.96,26.8,669.31,654.33,low
115,16/03/2020 9:35,30.2,21.67,70.9,1.05,0.79,125.36,2.74,27,587.34,583.95,low
116,16/03/2020 9:40,30.6,21.95,70,1.05,0.79,122.75,2.74,26.9,401.95,396.26,high
117,16/03/2020 9:45,30.6,22.14,70.4,1.05,0.82,128.03,2.77,27.2,757.81,770.39,high
118,16/03/2020 9:50,30.3,21.82,70.7,1.05,1.24,128.98,2.87,26.9,905.31,829.8,high
119,16/03/2020 9:55,30.2,21.97,71.6,1.05,0.9,128.63,2.87,27.1,841.23,837.03,high
120,16/03/2020 10:00,30,21.79,71.8,1.19,0.93,131.88,2.99,27.1,1020.43,1083.12,high
121,16/03/2020 10:05,30.1,22.04,72.2,1.19,0.89,134.87,3.21,27.1,1231.12,1267.14,high
122,16/03/2020 10:10,29.8,21.68,72.7,1.19,0.87,134.82,3.32,27.1,1346.42,1471.18,high
123,16/03/2020 10:15,29.8,21.53,71.7,1.19,0.98,135.71,3.43,27,1376.56,1485.54,high
124,16/03/2020 10:20,30,21.25,70,1.19,1.06,136.18,3.33,26.9,1386.59,1386.17,high
125,16/03/2020 10:25,30.13,20.91,68.33,1.19,0.93,134.11,3.22,26.9,1163.38,1160.66,high
126,16/03/2020 10:30,30.4,20.92,67.4,1.19,0.92,133.62,3.22,26.9,935.32,919.44,high
127,16/03/2020 10:35,30.87,20.74,64.9,1.19,0.96,131.72,3.14,26.93,719.85,681.88,high
128,16/03/2020 10:40,31.4,20.79,63.6,1.19,0.93,127.72,2.98,27,589.27,596.42,high
129,16/03/2020 10:45,31.5,20.8,63.2,1.19,0.94,128.59,2.98,27.1,814.67,808.03,high
130,16/03/2020 10:50,31.7,21.01,63.2,1.18,0.92,129.89,3.09,27,900.48,957.74,high
131,16/03/2020 10:55,30.9,20.86,65.5,1.18,0.89,129.96,3.09,27,792.11,811.17,high
132,16/03/2020 11:00,30.8,20.79,65.6,1.18,0.86,128.43,3.09,27.1,703.58,735.04,high
133,16/03/2020 11:05,30.8,20.46,64.45,1.18,0.94,129.09,3.2,27.05,977.93,967.16,high
134,16/03/2020 11:10,31.5,20.38,61.9,1.18,0.93,130.41,3.34,27.1,1085.48,1125.66,high
135,16/03/2020 11:15,31.5,20.24,61.5,1.18,1,134.49,3.45,26.9,1198.12,1262.39,high
136,16/03/2020 11:20,31.5,20.37,61.7,1.18,0.96,133.46,3.45,27,1071.83,1051.29,high
137,16/03/2020 11:25,31.4,20.49,62.5,1.19,1.04,131.83,3.35,26.9,929.03,914.95,high
138,16/03/2020 11:30,31.5,20.83,63.2,1.19,1.01,132.79,3.12,27,796.75,825.7,high
139,16/03/2020 11:35,31.7,20.66,62.1,1.19,1.01,133.31,3.12,27,812.23,823.64,high
140,16/03/2020 11:40,32.4,19.95,57.9,1.19,0.93,130.69,3.12,27,809.79,804.17,high
141,16/03/2020 11:45,32.9,19.96,56,1.19,0.91,132.73,3.12,27,801.36,810.48,high
142,16/03/2020 11:50,32.4,20.59,59.6,1.18,0.92,132.11,3.12,27,823.65,820.89,high
143,16/03/2020 11:55,32,20.36,60.25,1.18,0.89,129.6,3.12,27,813.27,811.53,high
144,16/03/2020 12:00,32,19.94,59,1.18,0.93,131.42,3.12,27,813.28,831.51,high
145,16/03/2020 12:05,32,19.71,58.2,1.18,0.9,130.37,3.23,27,905.81,892.9,high
146,16/03/2020 12:10,32.2,20.19,59.1,1.18,0.93,128.69,3.11,26.8,577.61,571.19,high
147,16/03/2020 12:15,31.8,19.76,59.1,1.18,1.18,118.29,2.84,27,450.43,441.53,high
148,16/03/2020 12:20,31.7,20.13,60.3,1.18,0.83,116.93,2.94,27.1,578.62,582.02,high
149,16/03/2020 12:25,32.4,20.14,58.1,1.18,2.56,126.26,3.09,27.1,789.97,811.87,low
150,16/03/2020 12:30,32.4,19.96,57.8,1.18,0.88,130.86,3.3,27.2,1127.18,1129.18,low
151,16/03/2020 12:35,31.9,19.71,58.8,1.18,0.89,129.74,3.41,27,1212.12,1214.44,low
152,16/03/2020 12:40,31.3,20.89,64.5,1.18,0.93,129.21,3.23,26.9,1008.7,1006.73,high
153,16/03/2020 12:45,30.9,20.9,65.6,1.18,0.99,124.34,3.1,26.9,820.21,797.45,high
154,16/03/2020 12:50,31,20.02,62.5,1.23,1.02,125.14,2.98,27.1,868.81,893.85,high
155,16/03/2020 12:55,31.2,20.34,63,1.05,1.22,123.55,3.09,27.1,1149.54,1143.13,high
156,16/03/2020 13:00,31.5,20.06,61.1,1.05,0.97,128.03,3.24,27,1189.28,1177.35,high
157,16/03/2020 13:05,31.7,20,59.8,1.05,0.95,127.63,3.24,27,1156.19,1172.95,high
158,16/03/2020 13:10,32,20.11,59.5,1.05,0.98,130.57,3.23,27,1192.47,1234.78,high
159,16/03/2020 13:15,31.9,20.11,59.9,1.05,1.03,129.64,3.23,27,1184.01,1215.6,high
160,16/03/2020 13:20,32,19.67,57.7,1.05,0.96,128.36,3.23,27,1205.1,1210.25,high
161,16/03/2020 13:25,32.4,19.79,57,1.05,0.96,128.07,3.35,27.1,1328.22,1450.64,high
162,16/03/2020 13:30,32.6,19.61,56.5,1.05,0.93,129.75,3.35,27.1,1334.18,1459.01,high
163,16/03/2020 13:35,32.3,19.75,57.5,1.05,1.42,132.94,3.47,27.1,1330.98,1470.79,high
164,16/03/2020 13:40,32.3,19.51,57,1.05,0.97,130.26,3.47,27,1357.84,1481.53,high
165,16/03/2020 13:45,32.1,19.6,57.7,1.05,0.93,129.06,3.47,27,1323.74,1460.94,high
166,16/03/2020 13:50,32.4,19.3,55.7,1.12,0.95,130.84,3.35,26.9,1355.76,1453.16,high
167,16/03/2020 13:55,32.7,19.65,56,1.12,0.97,129.5,3.22,26.9,1082.08,1077.62,high
168,16/03/2020 14:00,32.9,19.75,55.5,1.12,0.95,125.85,3.11,27,1124.64,1062.53,high
169,16/03/2020 14:05,32.7,19.59,55.55,1.12,0.93,123.63,3.11,27,1028.7,1012.34,high
170,16/03/2020 14:10,32.8,19.61,55.9,1.12,0.96,122.19,3.11,27,1011.79,1028.42,high
171,16/03/2020 14:15,32.6,20.1,57.9,1.12,1.03,126.05,3.11,27,1061.74,1018.19,high
172,16/03/2020 14:20,32.35,19.86,57.6,1.12,0.95,127.71,3.11,26.95,1001.38,954.78,high
173,16/03/2020 14:25,32.3,19.2,55.9,1.12,0.98,121.44,3.11,27,865.87,878.51,high
174,16/03/2020 14:30,32.4,19.3,55.5,1.12,0.93,121.04,3.28,27,952.99,895.12,high
175,16/03/2020 14:35,32.4,19.51,56.6,1.12,0.96,126.93,3.28,27,923.44,917.28,high
176,16/03/2020 14:40,32.3,19.44,56.6,1.12,0.94,125.81,3.16,26.9,699.52,678.97,high
177,16/03/2020 14:45,32.1,19.81,58.9,1.12,0.95,122.36,3.04,27,650.89,627.41,high
178,16/03/2020 14:50,31.9,20.1,59.8,1.12,0.95,122.89,3.04,27,616.5,619.24,high
179,16/03/2020 14:55,31.8,19.7,59.1,1.12,0.93,121.58,2.94,27,615.58,616.03,high
180,16/03/2020 15:00,31.7,19.53,58.5,1.12,0.94,113.88,2.94,27.1,858.97,827.76,high
181,16/03/2020 15:05,31.9,19.36,57.4,1.12,1.04,120.44,3.05,27,922.22,911.41,high
182,16/03/2020 15:10,31.9,19.3,57.5,1.12,0.94,117.93,3.06,26.9,797.1,778.77,high
183,16/03/2020 15:15,32,19.33,56.8,1.12,0.99,118.83,2.96,27,703.95,695.05,high
184,16/03/2020 15:20,32,19.5,57.3,1.12,0.95,116.37,2.96,27,724.56,698.7,high
185,16/03/2020 15:25,32.1,19.36,57.6,1.12,0.99,116.88,2.96,27,569.73,585.88,high
186,16/03/2020 15:30,32,19.23,56.9,1.12,1.03,118.44,2.96,27.1,663.81,680.23,high
187,16/03/2020 15:35,31.9,19.19,57.1,1.12,0.97,122.82,3.09,27,809.08,813.61,high
188,16/03/2020 15:40,32,19.57,57.9,1.12,1.01,123.07,3.09,26.9,713.13,698.28,high
189,16/03/2020 15:45,31.8,20.14,60.1,1.12,0.98,121.54,2.84,27,607.71,607.23,high
190,16/03/2020 15:50,31.5,20.39,62.2,1.12,0.92,124.92,2.84,27.1,733.89,785.3,high
191,16/03/2020 15:55,31,20.63,64.4,1.12,0.95,129.95,2.95,27,831.52,833.89,high
192,16/03/2020 16:00,30.8,20.08,63.7,1.12,0.98,122.87,2.95,27,833.89,829.46,high
193,16/03/2020 16:05,30.7,20.17,63.9,1.12,1,125.32,3.05,27,961.88,972.99,high
194,16/03/2020 16:10,30.7,19.58,62.1,1.13,1.01,115.88,3.05,27,941.65,924.65,high
195,16/03/2020 16:15,30.7,20.15,64,1.13,0.99,119.37,2.81,26.9,696.68,679.81,high
196,16/03/2020 16:20,30.9,19.92,62.2,1.13,0.97,108.43,2.68,27,642.13,626.51,high
197,16/03/2020 16:25,31.1,20.23,62.7,1.13,1.02,124.77,2.96,27.1,907.68,909.54,high
198,16/03/2020 16:30,31.1,20.52,63.7,1.13,1.03,122.65,3.02,26.9,823.98,775.49,high
199,16/03/2020 16:35,31.4,20.43,62.4,1.13,1.09,128.77,2.91,27,611.89,604.9,high
200,16/03/2020 16:40,31.5,20.57,62.6,1.13,1.11,120.54,3.03,27,652.19,647.39,high
201,16/03/2020 16:45,31.4,20,61.1,1.13,1.07,131.86,3.14,27.1,771.11,783.49,high
202,16/03/2020 16:50,31.5,20.1,61.2,1.13,1.13,126.7,3.14,27,764.85,779.86,high
203,16/03/2020 16:55,31.5,19.98,60.7,1.12,1.2,130.06,3.14,27,771.11,784.57,high
204,16/03/2020 17:00,31.5,20.05,61,1.12,1.1,119.93,3.14,27,793.19,788.53,high
205,16/03/2020 17:05,31.3,19.95,61.4,1.13,1.12,123.93,3.03,27,779.51,778.41,high
206,16/03/2020 17:10,31.1,20.1,62.3,1.13,1.1,117.27,3.13,27,776.6,768.53,high
207,16/03/2020 17:15,31.2,20.13,61.9,1.13,1.1,121.07,3.02,27,793.54,780.59,high
208,16/03/2020 17:20,31.3,20.12,61.8,1.13,1.11,127.78,2.89,27,713.54,721.03,high
209,16/03/2020 17:25,31.4,19.77,60.1,1.13,1.08,112.8,2.89,27,733.49,721.03,high
210,16/03/2020 17:30,31.7,19.29,58.1,1.13,1.09,122.32,2.89,27.1,850.04,874.65,high
211,16/03/2020 17:35,31.7,19.5,58.5,1.13,1.09,114.25,3.13,27,950.16,980.52,high
212,16/03/2020 17:40,31.7,19.46,58.4,1.13,1.08,116.94,3.13,27,969.5,973.28,high
213,16/03/2020 17:45,32,19.53,57.8,1.13,1.04,118.55,3.13,27,981.83,977.6,high
214,16/03/2020 17:50,31.3,19.15,58.8,1.13,1.04,116.5,3.13,27,922.52,924.35,high
215,16/03/2020 17:55,31.2,19.28,59.6,1.13,1.07,114.39,2.88,26.9,750.27,726.11,high
216,16/03/2020 18:00,31.3,19.02,58.4,1.13,1.51,109.29,2.77,27,749.9,725.72,high
217,16/03/2020 18:05,31.3,19.5,59.9,1.13,1.5,107.56,2.64,27,759.59,752.5,low
218,16/03/2020 18:10,31.3,19.24,59.1,1.13,0.97,107.38,2.64,27,723.78,756.65,low
219,16/03/2020 18:15,31.3,19.14,58.8,0.86,1,107.33,2.64,27,769.28,757.78,high
220,16/03/2020 18:20,31.3,19.28,59.4,0.78,1.02,105.74,2.64,27,743.46,754.03,low
221,16/03/2020 18:25,31.37,19.63,60.23,0.78,1.04,106.29,2.61,26.97,742.69,765.95,low
222,16/03/2020 18:30,31.08,19.84,61.68,0.64,0.93,103.11,2.52,26.94,737.71,746.42,low
223,16/03/2020 18:35,30.9,19.65,61.85,0.64,1.1,99.93,2.43,27.1,732.72,726.9,low
224,16/03/2020 18:40,30.6,19.51,62.2,0.64,0.89,113.15,2.54,27.1,861.61,845.02,low
225,16/03/2020 18:45,30.4,19.42,62.6,0.64,0.84,93.4,2.1,26.9,869.11,865.84,low
226,16/03/2020 18:50,30.3,19.33,63,0.78,0.92,92.69,1.83,26.9,609.56,595.93,low
227,16/03/2020 18:55,30.1,19.47,63.8,0.78,0.91,87.24,1.72,27,547.95,551.03,low
228,16/03/2020 19:00,30,19.7,65.1,0.77,0.96,83.4,1.72,27,538.05,556.65,low
229,16/03/2020 19:05,29.9,19.82,65.5,0.77,0.98,0,1.72,27.1,638.61,634.59,low
230,16/03/2020 19:10,29.8,19.7,65.8,0.77,0.95,0,1.93,27.2,961.59,986.28,low
231,16/03/2020 19:15,29.8,19.92,66.8,0.77,0.89,0,0.29,27.3,55.29,36.67,low
232,16/03/2020 19:20,29.6,19.91,67,0.77,0.86,0,0.29,27.6,72.94,60.07,low
233,16/03/2020 19:25,29.5,19.89,67.2,0.77,0.83,0,0.29,27.8,72.94,68.85,low
234,16/03/2020 19:30,29.4,19.84,67.5,0.77,1.13,0,0.29,27.9,68.96,64.61,low
235,16/03/2020 19:35,29.4,19.78,67.3,0.77,0.95,0,0.29,28,76.73,72.85,high
236,16/03/2020 19:40,29.3,19.61,67.1,0.77,0.95,0,0.29,28,72.94,64.61,high
237,16/03/2020 19:45,29.3,19.61,67.5,0.77,0.95,0,0.29,28,64.72,60.07,high
238,16/03/2020 19:50,29.3,19.74,67.8,0.77,0.95,0,0.29,28,64.72,55.16,high
239,16/03/2020 19:55,29.1,19.86,68.6,0.77,0.95,0,0.29,28.1,72.95,55.16,high
240,16/03/2020 20:00,29,19.86,69.3,0.77,0.94,0,0.29,28.2,72.94,64.61,high
241,16/03/2020 20:05,29,19.98,69.7,0.77,0.93,0,0.29,28.2,60.19,54.92,high
242,16/03/2020 20:10,29,20.21,70.3,0.77,0.94,0,0.29,28.1,64.72,60.07,high
243,16/03/2020 20:15,28.9,20.33,71,0.77,0.94,0,0.29,28.1,72.94,27.9,high
244,16/03/2020 20:20,28.9,20.33,71.2,0.77,0.92,0,0.29,28.2,72.94,55.16,high
245,16/03/2020 20:25,28.9,20.47,71.6,0.77,1,0,0.29,28.2,60.19,55.16,high
246,16/03/2020 20:30,28.8,20.47,72,0.77,0.93,0,0.29,28.2,74.25,65.9,high
247,16/03/2020 20:35,28.8,20.4,72.2,0.77,0.93,0,0.29,28.2,60.19,55.16,high
248,16/03/2020 20:40,28.6,20.51,73,0.77,0.94,0,0.29,28.3,28.15,0.01,high
249,16/03/2020 20:45,28.6,20.82,74,0.77,0.94,0,0.29,28.3,49.91,49.76,high
250,16/03/2020 20:50,28.5,20.82,74.4,0.77,0.94,0,0.29,28.3,72.94,60.07,high
251,16/03/2020 20:55,28.4,20.85,74.6,0.77,0.94,0,0.29,28.3,76.73,55.16,high
252,16/03/2020 21:00,28.4,20.73,74.6,0.77,0.94,0,0.29,28.4,64.72,49.76,high
253,16/03/2020 21:05,28.4,20.73,74.5,0.77,0.92,0,0.29,28.5,28.15,0,high
254,16/03/2020 21:10,28.3,20.48,74,0.77,0.91,0,0.29,28.5,28.15,0,low
255,16/03/2020 21:15,28.3,20.37,73.7,0.77,0.94,0,0.29,28.5,36.86,14.57,low
256,16/03/2020 21:20,28.3,20.37,73.7,0.77,0.92,0,0.29,28.5,36.86,14.57,low
257,16/03/2020 21:25,28.3,20.37,73.5,1.19,0.82,0,0.29,28.45,28.15,0,low
258,16/03/2020 21:30,28.3,19.82,72,1.19,0.91,0,0.29,28.4,28.15,0,high
259,16/03/2020 21:35,28.3,19.84,72.1,1.19,0.89,0,0.29,28.3,15.05,0,high
260,16/03/2020 21:40,28.3,19.93,72.3,1.19,0.86,0,0.29,28.3,15.05,0,high
261,16/03/2020 21:45,28.3,19.95,72.6,1.19,0.81,0,0.29,28.3,36.86,0,low
262,16/03/2020 21:50,28.1,19.78,72.35,1.19,0.8,0,0.29,28.3,36.85,0,low
263,16/03/2020 21:55,28.2,19.84,72,0.77,0.77,0,0.29,28.3,28.15,0,low
264,16/03/2020 22:00,28.1,19.73,72.2,0.67,0.76,0,0.29,28.3,28.14,0,low
265,16/03/2020 22:05,28.1,19.73,72.3,0.63,0.76,0,0.29,28.3,28.15,0,low
266,16/03/2020 22:10,28.1,19.84,72.5,0.63,0.76,0,0.29,28.3,36.86,0,low
267,16/03/2020 22:15,28,19.7,72.7,0.63,0.78,0,0.29,28.3,36.86,0,low
268,16/03/2020 22:20,28,19.81,72.8,0.63,0.79,0,0.29,28.3,33.95,0,low
269,16/03/2020 22:25,28,19.92,73.1,0.63,0.77,0,0.29,28.3,33.95,0,low
270,16/03/2020 22:30,28,19.92,73.1,0.63,0.82,0,0.29,28.3,28.15,0,low
271,16/03/2020 22:35,27.9,19.92,73.7,0.63,0.82,0,0.29,28.2,36.86,0,low
272,16/03/2020 22:40,27.8,19.92,73.8,0.63,0.81,0,0.29,28.3,36.86,0,low
273,16/03/2020 22:45,27.8,19.92,73.8,0.63,0.82,0,0.29,28.3,28.15,0,low
274,16/03/2020 22:50,27.8,19.92,73.9,0.63,0.81,0,0.29,28.4,28.15,0,low
275,16/03/2020 22:55,27.8,19.92,74.1,0.63,0.82,0,0.29,28.3,28.15,0,low
276,16/03/2020 23:00,27.8,19.92,74.2,0.63,0.94,0,0.29,28.3,28.15,14.57,low
277,16/03/2020 23:05,27.8,20.17,74.8,0.63,0.86,0,0.29,28.4,36.86,0,low
278,16/03/2020 23:10,27.8,20.14,74.8,0.63,0.84,0,0.29,28.5,36.85,0,low
279,16/03/2020 23:15,27.8,20.14,75,0.63,0.84,0,0.29,28.5,36.86,0,low
280,16/03/2020 23:20,27.6,20.14,75.5,0.63,0.83,0,0.29,28.4,36.86,14.57,low
281,16/03/2020 23:25,27.7,20.14,75.3,0.63,0.83,0,0.29,28.4,28.15,0,low
282,16/03/2020 23:30,27.7,20.24,75.65,0.63,0.81,0,0.29,28.4,28.15,0,low
283,16/03/2020 23:35,27.6,20.24,76.2,0.63,0.83,0,0.29,28.4,43.87,14.57,low
284,16/03/2020 23:40,27.6,20.35,76.5,0.63,0.8,0,0.29,28.4,36.86,27.9,low
285,16/03/2020 23:45,27.6,20.45,76.8,0.63,0.79,0,0.29,28.4,36.86,14.57,low
286,16/03/2020 23:50,27.55,20.45,77,0.63,0.65,0,0.29,28.4,32.5,0,low
287,16/03/2020 23:55,27.5,20.45,77.3,0.63,0.65,0,0.29,28.4,28.15,0,low
384,17/03/2020 8:00,26.9,19.85,77.6,0.03,0.53,109.26,3.18,26.9,1338.07,1443.4,low
385,17/03/2020 8:05,27,19.96,77.4,0.46,0.53,108.89,3.04,26.7,1072.84,1006.98,low
386,17/03/2020 8:10,27.2,19.96,76.8,0.45,0.54,92.3,2.57,26.7,343.47,333.41,low
387,17/03/2020 8:15,27.2,19.96,76.6,0.45,0.54,93.14,2.45,26.8,337.65,328.28,low
388,17/03/2020 8:20,27.4,19.96,75.5,0.45,0.53,93.65,2.45,27,332.59,323.94,low
389,17/03/2020 8:25,27.5,19.89,75.3,0.45,0.54,96.06,2.34,27.1,344.29,328.28,low
390,17/03/2020 8:30,27.7,19.9,74.6,0.45,0.63,93.11,2.34,27.1,332.59,335.11,low
391,17/03/2020 8:35,27.75,19.95,74.15,0.45,0.68,91.86,2.43,27.1,447.3,477.88,low
392,17/03/2020 8:40,27.9,20,73.9,0.45,0.66,103.3,2.51,27.1,718.68,720.64,low
393,17/03/2020 8:45,28.05,20.01,73.35,0.45,0.64,103.17,2.51,27.05,687.27,679.81,low
394,17/03/2020 8:50,28.1,20.01,73,0.45,0.65,93.41,2.28,26.9,478.44,474.27,low
395,17/03/2020 8:55,28.3,20.01,72,0.45,0.62,87.86,2.13,26.8,328.3,327.42,low
396,17/03/2020 9:00,28.6,20.01,71.2,0.45,0.65,88.37,2.13,26.8,325.71,324.81,low
397,17/03/2020 9:05,28.7,20.01,70.4,0.45,0.64,94.25,2.24,27,338.49,329.14,low
398,17/03/2020 9:10,29.1,20.06,69.4,0.45,0.65,108.55,2.34,27.1,339.33,323.07,low
399,17/03/2020 9:15,29.1,20.06,69.4,1.06,0.72,102.01,2.47,27.1,327.44,328.28,low
400,17/03/2020 9:20,29,19.89,69.4,1.06,0.7,103.45,2.48,27.1,327.44,331.72,low
401,17/03/2020 9:25,29.1,19.76,68.5,1.06,0.74,95.51,2.59,27.05,421.2,416.46,high
402,17/03/2020 9:30,29.2,19.78,68.05,1.06,0.72,103.62,2.7,27.1,584.46,584.08,high
403,17/03/2020 9:35,29.4,19.78,67.3,1.06,0.71,101.81,2.8,27,679.8,670.57,low
404,17/03/2020 9:40,29.6,19.71,66.4,1.05,0.68,105.63,2.7,26.95,451.69,442.17,low
405,17/03/2020 9:45,29.7,19.58,65.2,1.11,0.72,96.32,2.53,27,480.82,480.8,high
406,17/03/2020 9:50,29.9,19.38,64.5,1.19,0.72,99.98,2.63,27,480.23,470.09,low
407,17/03/2020 9:55,29.6,19.16,64.5,1.19,1.05,98.24,2.51,27.1,838.7,898.01,low
408,17/03/2020 10:00,29.7,19.15,64.1,1.19,1.03,110.33,3.29,27,1479.08,1604.96,low
409,17/03/2020 10:05,29.5,19,64.1,1.19,1.05,106.97,3.29,26.8,1320.52,1402.63,low
410,17/03/2020 10:10,29.7,18.82,63,1.19,1.01,115.76,3.18,26.7,1331.31,1430.6,low
411,17/03/2020 10:15,29.7,18.67,62.5,1.19,1.01,111.32,3.26,26.6,1382.78,1519.96,low
412,17/03/2020 10:20,29.7,18.66,62.4,1.19,1.12,104.5,3.24,26.5,1453.18,1630.51,low
413,17/03/2020 10:25,29.8,18.66,62.23,1.19,1.17,113.63,3.24,26.53,1437.51,1621.8,high
414,17/03/2020 10:30,29.9,18.93,62.7,1.19,1.18,108.44,3.37,26.5,1480.56,1443.2,high
415,17/03/2020 10:35,30.4,18.3,59,1.19,1.27,111.4,3.38,26.4,1308.68,1440.06,high
416,17/03/2020 10:40,30.5,18.42,59,1.19,1.25,118.17,3.38,26.4,1294.31,1259.06,high
417,17/03/2020 10:45,30.9,18.42,57.8,1.19,1.41,103.94,3.17,26.4,867.83,912.03,high
418,17/03/2020 10:50,31,18.65,58.4,1.19,1.86,106.5,3.04,26.5,835.25,839.64,high
419,17/03/2020 10:55,31.1,18.78,58.3,1.19,1.37,111.22,3.15,26.6,1026.35,1024.85,high
420,17/03/2020 11:00,31.5,18.89,57.2,1.19,1.36,120.4,3.34,26.6,1209.8,1222.59,high
421,17/03/2020 11:05,31.4,18.98,58,1.19,1.21,117.89,3.6,26.6,1315.03,1418.28,high
422,17/03/2020 11:10,31.3,18.98,58.3,1.19,1.25,123.73,3.8,26.5,1425.34,1628.75,high
423,17/03/2020 11:15,31.7,18.79,56.2,1.19,1.34,122.76,3.65,26.5,1367.9,1489.15,high
424,17/03/2020 11:20,31.6,18.56,56.3,1.19,1.34,114.6,3.55,26.4,1482.19,1519.14,high
425,17/03/2020 11:25,32,18.42,54.5,1.19,1.25,118.69,3.52,26.5,1477.13,1435.93,high
426,17/03/2020 11:30,32.2,18.41,53.6,1.19,1.18,113.68,3.39,26.4,1185.2,1193.76,high
427,17/03/2020 11:35,31.9,18.35,54.6,1.19,1.24,115.29,3.45,26.5,1191.63,1221.88,high
428,17/03/2020 11:40,31.65,18.51,55.55,1.19,1.3,106.49,3.45,26.5,1167.98,1161.06,high
429,17/03/2020 11:45,31.6,18.46,55.8,1.19,1.23,116.23,3.45,26.4,1111.24,1095.84,high
430,17/03/2020 11:50,32.2,17.7,51.7,1.19,1.25,103.23,3.28,26.4,880.12,854.33,high
431,17/03/2020 11:55,32.5,17.89,51.8,1.19,1.59,99.83,3.04,26.5,743.84,732.32,high
432,17/03/2020 12:00,32,16.69,49.2,1.19,1.31,93.16,3.16,26.6,942.86,947.05,high
433,17/03/2020 12:05,32.2,17.1,49.8,1.19,1.52,98.27,3.16,26.5,960.41,940.15,high
434,17/03/2020 12:10,32.5,16.47,47.2,1.19,1.31,94.9,3.05,26.5,903.3,916.36,high
435,17/03/2020 12:15,32.6,16.79,48.4,1.18,1.36,96.76,3.05,26.5,909.07,931.28,high
436,17/03/2020 12:20,32.7,16.68,47.6,1.18,1.37,96.26,3.05,26.5,909.98,923.33,high
437,17/03/2020 12:25,32.8,17.12,48.8,1.18,1.36,103.75,3.05,26.5,937.44,928.02,high
438,17/03/2020 12:30,32.9,16.96,47.6,1.18,1.32,97.78,3.18,26.5,989.72,945.26,high
439,17/03/2020 12:35,32.9,16.55,46.71,1.2,1.37,109.13,3.2,26.4,860.62,832.87,high
440,17/03/2020 12:40,32.9,17.33,48.4,1.2,1.37,100.79,3.1,26.5,806.3,822.97,high
441,17/03/2020 12:45,33.6,17.18,46.7,1.2,1.3,103.6,3.1,26.5,941.35,918.83,high
442,17/03/2020 12:50,33.4,17.12,46.9,1.2,1.27,106.31,3.21,26.5,934.41,913.89,high
443,17/03/2020 12:55,32.8,17.48,49.8,1.19,1.3,108.15,3.21,26.5,984.83,932.59,high
444,17/03/2020 13:00,33.1,17.48,48.9,1.2,1.3,107.54,3.09,26.5,946.75,919.14,high
445,17/03/2020 13:05,33,17.07,48.3,1.2,1.19,99.76,2.98,26.5,941.66,922.21,high
446,17/03/2020 13:10,33.2,17.02,47.4,1.19,1.11,98.38,2.87,26.5,940.46,923.74,high
447,17/03/2020 13:15,33.5,17.09,46.71,1.19,1.23,95.25,2.87,26.5,929.56,931.98,high
448,17/03/2020 13:20,33.6,16.87,46.1,1.19,1.14,101.26,2.87,26.5,902.36,878.52,high
449,17/03/2020 13:25,34.1,16.3,42.9,1.19,1.14,95.3,2.97,26.5,1101.52,1108.94,high
450,17/03/2020 13:30,34,16.46,43.8,1.19,1.13,99.32,3.08,26.4,906.68,888.05,high
451,17/03/2020 13:35,33.8,16.39,44.1,1.19,1.22,93.74,2.83,26.5,701.54,695.45,high
452,17/03/2020 13:40,33.7,16.45,44.5,1.19,1.19,90.48,2.83,26.6,847.38,871.41,high
453,17/03/2020 13:45,34.3,16.64,43.9,1.19,1.33,100.86,3.06,26.6,1046.18,1084.94,high
454,17/03/2020 13:50,34,16.71,44.5,1.19,1.17,96.24,3.06,26.5,1105.88,1122.39,high
455,17/03/2020 13:55,33.7,16.98,45.8,1.19,1.24,100.71,3.06,26.5,1079.99,1089.88,high
456,17/03/2020 14:00,33.9,16.14,43.2,1.19,1.23,99.47,2.95,26.4,887.49,898.26,high
457,17/03/2020 14:05,33.7,16.05,42.9,1.19,1.19,80.72,2.73,26.4,684.38,672.27,high
458,17/03/2020 14:10,33.9,16.23,43.2,1.19,3.12,86.75,2.73,26.5,686.04,674.79,high
459,17/03/2020 14:15,34.1,16.01,42.4,1.19,1.76,95.49,2.84,26.5,868.48,851.02,high
460,17/03/2020 14:20,34.4,15.5,40.2,1.19,1.18,94.89,2.95,26.4,745.73,751.39,high
461,17/03/2020 14:25,34.7,15.98,40.9,1.19,1.07,92.61,3.06,26.6,823.32,836.27,high
462,17/03/2020 14:30,34.4,15.77,41.1,1.19,1.07,94.41,3.22,26.6,1040.75,1048.33,high
463,17/03/2020 14:35,34.6,15.04,38.8,1.19,1.17,98.55,3.5,26.6,1286.2,1286.2,high
464,17/03/2020 14:40,34.1,15.07,39.9,1.19,1.13,93.3,3.5,26.5,1221.88,1225.81,high
465,17/03/2020 14:45,34.1,15.06,40.1,1.19,1.14,87.57,3.38,26.4,1064.41,1073.66,high
466,17/03/2020 14:50,33.8,14.83,39.9,1.19,1.12,94.13,3.28,26.5,994.57,963.05,high
467,17/03/2020 14:55,33.3,15.82,43.7,1.19,1.15,85.58,3.28,26.5,952.72,965.4,high
468,17/03/2020 15:00,33.4,15.84,43.5,1.19,1.14,92.75,3.28,26.5,982.12,981.53,high
469,17/03/2020 15:05,33.9,15.96,42.6,1.19,1.12,96.01,3.28,26.5,970.08,951.82,high
470,17/03/2020 15:10,33.8,15.97,42.8,1.19,1.37,98.96,3.28,26.5,969.5,970.66,high
471,17/03/2020 15:15,33.9,15.98,42.5,1.18,1.32,94.96,3.28,26.4,890.35,881.72,high
472,17/03/2020 15:20,33.5,16.13,44,1.19,0.98,94.21,3.17,26.5,798.88,790.68,high
473,17/03/2020 15:25,34.1,16.12,43.1,1.19,1.11,96.29,3.17,26.6,939.55,947.04,high
474,17/03/2020 15:30,33.9,15.78,42.1,1.19,1.12,86.02,3.17,26.5,911.72,910.16,high
475,17/03/2020 15:35,34.1,16.35,43.4,1.19,1.11,96.8,3.28,26.5,908.93,911.41,high
476,17/03/2020 15:40,34.5,16.39,42.6,1.19,1.09,106.76,3.28,26.5,905.5,903.3,high
477,17/03/2020 15:45,34.1,16.26,43.3,1.19,1.28,95.74,3.18,26.5,910.48,904.55,high
478,17/03/2020 15:50,34.6,16.26,42.4,1.19,1.06,100.73,3.09,26.5,922.83,901.73,high
479,17/03/2020 15:55,33.65,16.59,44.95,1.19,1.16,95.39,3.23,26.55,924.06,902.37,high
480,17/03/2020 16:00,33.8,16.21,43.6,1.19,1.14,103.49,3.23,26.5,947.05,952.41,high
481,17/03/2020 16:05,33.8,16.43,44.4,1.19,1.12,100.78,3.36,26.5,930.5,930.74,high
482,17/03/2020 16:10,33.9,16.52,44.2,1.19,1.14,102.94,3.25,26.5,946.46,928.94,high
483,17/03/2020 16:15,34.2,16.83,44.1,1.19,1.11,103.62,3.36,26.5,1011.48,1014.39,high
484,17/03/2020 16:20,33.8,16.98,45.8,1.19,1.11,99.93,3.26,26.5,1019.03,1017.64,high
485,17/03/2020 16:25,33.7,16.95,45.9,1.19,1.13,109.82,3.36,26.5,1008.7,1027.6,high
486,17/03/2020 16:30,33.9,17.2,45.8,1.19,1.1,98.83,3.26,26.5,1037.2,1048.59,high
487,17/03/2020 16:35,34.1,17.24,45.8,1.19,1.13,107.25,3.26,26.5,1078.14,1073.93,high
488,17/03/2020 16:40,33.9,17.17,46,1.19,1.17,105.86,3.15,26.5,1030.91,1054.78,high
489,17/03/2020 16:45,33.6,16.96,46.2,1.19,1.12,103.9,3.15,26.5,1078.41,1058.8,high
490,17/03/2020 16:50,33.65,16.91,45.8,1.19,1.2,100.94,3.08,26.4,934.41,931.67,high
491,17/03/2020 16:55,33.4,16.71,46,1.19,1.18,97.99,3.01,26.4,869.13,888.13,high
492,17/03/2020 17:00,33.4,17.06,46.6,1.19,1.18,97.07,3.12,26.5,856.02,857.64,high
493,17/03/2020 17:05,33.15,17.16,47.7,1.19,1.15,100.84,3.12,26.5,856.66,865.37,high
494,17/03/2020 17:10,33.1,16.77,46.8,1.18,1.44,99.64,3.24,26.5,1023.19,1053.71,high
495,17/03/2020 17:15,33.3,16.91,46.7,1.18,1.05,95.99,3.12,26.5,1005.33,1015.69,high
496,17/03/2020 17:20,32.9,17.19,48.5,1.18,1.09,104.6,3.12,26.5,1038.84,1021.25,high
497,17/03/2020 17:25,32.8,17.37,49.3,1.18,1.05,102.35,3.23,26.5,1024.29,1011.5,high
498,17/03/2020 17:30,33.2,17.24,48,1.18,1.05,102.59,3.13,26.5,984.56,1024.01,high
499,17/03/2020 17:35,32.6,17.24,49.5,1.19,1.03,103.9,3.13,26.5,1030.63,1021.24,high
500,17/03/2020 17:40,32.5,17.31,49.6,1.19,0.98,102.63,3.13,26.5,1031.76,1021.79,high
501,17/03/2020 17:45,32.4,16.99,49.2,1.19,1.04,101.31,3.13,26.5,1000.82,1003.63,high
502,17/03/2020 17:50,32.1,17.57,52,1.19,1,102.77,3.12,26.5,1079.58,1037.04,high
503,17/03/2020 17:55,32.2,17.1,49.8,1.19,1,102.63,3.24,26.5,1171.26,1173.91,high
504,17/03/2020 18:00,32,16.95,50,1.19,0.95,102.26,3.24,26.4,1077.12,1071.11,high
505,17/03/2020 18:05,31.83,17.3,51.63,1.19,0.92,98.23,3,26.4,846.68,854.84,high
506,17/03/2020 18:10,31.55,17.12,51.8,1.19,0.99,96.14,3.07,26.5,850.25,848.43,high
507,17/03/2020 18:15,31.4,17.22,52.6,1.19,0.98,101.03,3.31,26.7,1073.85,1102.87,low
508,17/03/2020 18:20,31.3,17.65,54.2,1.19,0.98,108.6,3.31,26.5,1236.62,1215.14,low
509,17/03/2020 18:25,31,17.62,55.1,1.19,0.98,98.97,3.17,26.5,1087.29,1063.61,low
510,17/03/2020 18:30,30.8,17.65,55.7,1.19,1.01,102.68,2.96,26.5,1059.97,1076.51,low
511,17/03/2020 18:35,30.8,17.75,56.2,1.19,1.45,94.94,2.96,26.6,1282.69,1266.25,low
512,17/03/2020 18:40,30.8,17.75,56.3,1.05,1.04,53.31,2.49,26.6,1240.66,1292.19,low
513,17/03/2020 18:45,30.5,17.88,57.5,1.05,0.9,90.58,2.49,26.6,1359.94,1448.73,high
514,17/03/2020 18:50,30.3,18.11,58.7,1.05,0.8,88.95,2.39,26.4,1454.56,1469.29,low
515,17/03/2020 18:55,30.1,18.01,59.1,1.05,0.89,83.91,2.11,26.3,1118.37,1119.41,low
516,17/03/2020 19:00,30,18.13,59.6,1.05,0.84,78.71,1.88,26.3,716.33,695.52,low
517,17/03/2020 19:05,29.9,18.17,60.2,1.05,0.82,0,1.67,26.3,367.44,364.42,low
518,17/03/2020 19:10,29.8,18.02,60.3,1.05,0.81,0,1.67,26.6,449.85,473.8,low
519,17/03/2020 19:15,29.8,17.92,60,1.05,0.78,0,0.29,26.9,37.62,51.03,low
520,17/03/2020 19:20,29.6,17.92,60.6,1.05,0.89,0,0.29,27.1,29.14,45.15,low
521,17/03/2020 19:25,29.6,18.03,60.4,1.05,0.77,0,0.29,27.2,44.51,51.03,low
522,17/03/2020 19:30,29.4,17.73,60.1,1.05,0.78,0,0.29,27.2,50.16,53.13,low
523,17/03/2020 19:35,29.4,17.63,60.2,0.63,1.1,0,0.29,27.3,55.8,56.3,low
524,17/03/2020 19:40,29.3,17.65,60.2,0.63,0.79,0,0.29,27.4,37.62,51.03,low
525,17/03/2020 19:45,29.3,17.51,59.7,0.63,0.78,0,0.29,27.5,29.14,51.03,low
526,17/03/2020 19:50,29.3,17.51,59.7,0.63,0.78,0,0.29,27.6,55.8,65.59,low
527,17/03/2020 19:55,29.3,17.41,59.8,0.63,0.76,0,0.29,27.7,16.83,45.14,low
528,17/03/2020 20:00,29.1,17.29,60.1,0.63,0.75,0,0.29,27.6,29.14,56.3,high
529,17/03/2020 20:05,29.1,17.43,60.4,0.63,0.77,0,0.29,27.7,44.51,56.3,high
530,17/03/2020 20:10,29.1,17.58,61.1,0.63,0.74,0,0.29,27.8,44.51,51.03,high
531,17/03/2020 20:15,28.9,17.68,61.7,0.63,0.78,0,0.29,27.8,44.51,45.14,high
532,17/03/2020 20:20,28.9,17.78,62.2,0.63,0.76,0,0.29,27.9,50.47,61.12,high
533,17/03/2020 20:25,28.9,17.78,62.4,0.63,0.82,0,0.29,27.9,37.62,56.3,high
534,17/03/2020 20:30,28.8,18,63.4,0.63,0.8,0,0.29,27.9,16.82,51.03,high
535,17/03/2020 20:35,28.8,18,63.7,0.63,0.78,0,0.29,27.9,37.62,51.03,high
536,17/03/2020 20:40,28.8,18.1,64,0.63,1.34,0,0.29,28,0,38.36,high
537,17/03/2020 20:45,28.6,18.37,65.3,0.63,0.75,0,0.29,27.9,44.51,18.43,high
538,17/03/2020 20:50,28.6,18.65,66.3,0.63,1,0,0.29,27.9,16.83,45.15,low
539,17/03/2020 20:55,28.5,18.8,67.4,0.63,0.8,0,0.29,27.9,44.51,56.3,low
540,17/03/2020 21:00,28.4,18.92,68.2,0.63,0.79,0,0.29,28,29.14,51.03,low
541,17/03/2020 21:05,28.3,19.17,69.2,0.63,0.83,0,0.29,27.9,16.82,51.03,low
542,17/03/2020 21:10,28.3,19.17,69.3,0.63,0.79,0,0.29,28,16.83,45.15,low
543,17/03/2020 21:15,28.3,19.17,69.5,0.63,0.73,0,0.29,27.9,29.14,38.37,low
544,17/03/2020 21:20,28.3,19.29,69.8,0.63,0.72,0,0.29,28,37.62,56.08,low
545,17/03/2020 21:25,28.3,19.29,70.4,0.63,0.7,0,0.29,28,0.01,45.15,low
546,17/03/2020 21:30,28.3,19.43,70.7,0.63,0.72,0,0.29,28,37.62,56.3,low
547,17/03/2020 21:35,28.2,19.43,70.6,0.63,0.83,0,0.29,28.1,0,30.1,low
548,17/03/2020 21:40,28.1,19.43,71,0.63,0.7,0,0.29,28.1,50.47,61.12,low
549,17/03/2020 21:45,28.1,19.43,71.2,0.63,0.69,0,0.29,28,50.47,56.3,low
550,17/03/2020 21:50,28.1,19.43,71.3,0.77,0.67,0,0.29,28,29.14,45.14,low
551,17/03/2020 21:55,28,19.32,71.1,0.77,0.7,0,0.29,28,16.82,38.37,low
552,17/03/2020 22:00,28,19.38,71.2,0.77,0.7,0,0.29,27.9,50.47,65.59,low
553,17/03/2020 22:05,28,19.38,71.2,0.77,0.72,0,0.29,28.1,50.47,65.59,low
554,17/03/2020 22:10,27.9,19.27,71.2,0.77,0.7,0,0.29,28.1,29.14,51.03,low
555,17/03/2020 22:15,28,19.38,71.1,0.77,0.73,0,0.29,28.1,37.62,56.3,low
556,17/03/2020 22:20,28,19.38,71.4,0.76,0.71,0,0.29,28.1,65.16,77.46,low
557,17/03/2020 22:25,27.9,19.38,71.4,0.76,0.69,0,0.29,28.1,65.15,65.59,low
558,17/03/2020 22:30,27.9,19.49,71.9,0.76,0.74,0,0.29,27.95,37.62,56.3,low
559,17/03/2020 22:35,27.9,19.6,72.3,0.63,0.65,0,0.29,28,29.14,45.15,low
560,17/03/2020 22:40,27.9,19.6,72.2,0.63,0.64,0,0.29,28.1,60.66,51.03,low
561,17/03/2020 22:45,27.8,19.6,72.5,0.63,0.65,0,0.29,28.1,37.62,51.03,low
562,17/03/2020 22:50,27.8,19.6,72.7,0.63,0.66,0,0.29,28.1,29.14,45.15,low
563,17/03/2020 22:55,27.8,19.6,73,0.63,0.67,0,0.29,28.2,37.62,61.12,low
564,17/03/2020 23:00,27.8,19.6,73.4,0.63,0.64,0,0.29,28.2,37.62,51.03,low
565,17/03/2020 23:05,27.8,19.71,73.6,0.63,0.63,0,0.29,28.2,50.47,61.12,low
566,17/03/2020 23:10,27.8,19.71,73.6,0.63,0.66,0,0.29,28.2,29.14,61.12,low
567,17/03/2020 23:15,27.6,19.82,74.2,0.63,0.65,0,0.29,28.2,29.14,65.59,low
568,17/03/2020 23:20,27.6,19.82,74.5,0.63,0.66,0,0.29,28,0,56.3,low
569,17/03/2020 23:25,27.6,19.81,74.7,0.63,0.66,0,0.29,28,37.62,65.59,low
570,17/03/2020 23:30,27.6,19.95,74.9,0.63,0.67,0,0.29,28,0,51.03,low
571,17/03/2020 23:35,27.7,19.95,74.7,0.63,0.81,0,0.29,28.1,27.22,65.01,low
572,17/03/2020 23:40,27.6,19.95,74.9,0.63,0.66,0,0.29,28,0,51.03,low
573,17/03/2020 23:45,27.5,19.95,75.3,0.63,0.67,0,0.29,28.1,29.14,61.12,low
574,17/03/2020 23:50,27.5,19.95,75.3,0.63,0.65,0,0.29,28.1,0,45.15,low
575,17/03/2020 23:55,27.5,19.95,75.7,0.63,0.65,0,0.29,28.1,29.14,61.12,low
672,18/03/2020 8:00,26.9,20.49,79.9,1.06,0.64,100.43,2.38,27.2,332.68,329.32,low
673,18/03/2020 8:05,27,20.49,79.6,1.06,0.56,97.08,2.38,27.1,319.85,327.67,low
674,18/03/2020 8:10,27.1,20.49,79.2,1.05,0.56,99.51,2.38,27.1,330.08,324.15,low
675,18/03/2020 8:15,27.2,20.61,78.5,1.05,0.55,101.67,2.38,27.1,333.48,323.31,low
676,18/03/2020 8:20,27.4,20.61,78.1,1.05,0.54,97.3,2.38,27.2,326.77,319.74,low
677,18/03/2020 8:25,27.6,20.61,77.6,1.05,0.52,95.01,2.24,27.2,318.07,321.58,low
678,18/03/2020 8:30,27.7,20.54,76.7,1.05,0.56,92.87,2.13,27.2,331.68,324.09,low
679,18/03/2020 8:35,27.9,20.44,75.5,1.05,0.63,90.91,1.95,27.2,326.77,319.77,low
680,18/03/2020 8:40,28,20.41,75.01,1.05,0.63,89.49,2.05,27.2,323.99,320.68,low
681,18/03/2020 8:45,28.2,20.56,74.7,1.05,0.63,90.32,2.05,27.2,313.45,317.97,low
682,18/03/2020 8:50,28.3,20.4,73.55,1.05,1,89.14,1.95,27.15,330.17,316.31,low
683,18/03/2020 8:55,28.54,20.48,72.82,1.05,1.64,90.17,2.11,27.1,325.08,322.49,low
684,18/03/2020 9:00,28.7,20.48,72.4,1.05,0.65,90.15,2.11,27.1,324.92,322.39,low
685,18/03/2020 9:05,28.97,20.29,70.55,1.05,0.63,102.18,2.2,27.17,331.08,328.42,low
686,18/03/2020 9:10,29.2,20.33,69.93,1.05,0.98,94.3,2.42,27.1,322.43,331.02,low
687,18/03/2020 9:15,29.4,20.31,68.81,1.05,0.6,93.73,2.32,27.1,316.34,328.39,low
688,18/03/2020 9:20,29.4,20.3,69,1.05,0.65,100.85,2.34,27.1,332.89,326.95,low
689,18/03/2020 9:25,29.5,20.06,67.91,1.05,0.63,93.13,2.35,27,324.95,325.88,low
690,18/03/2020 9:30,29.55,19.83,67.01,1.05,0.64,98.38,2.35,27.1,334.35,324.97,low
691,18/03/2020 9:35,29.7,19.83,66.39,1.05,0.8,97.55,2.34,27.1,330.14,323.35,low
692,18/03/2020 9:40,29.6,19.71,66,1.05,0.75,90.72,2.24,27.1,328.97,324.15,low
693,18/03/2020 9:45,29.7,19.55,65.2,1.05,0.76,93.42,2.29,27.1,335.68,322.4,low
694,18/03/2020 9:50,30,19.35,63.8,1.05,0.73,89.54,2.19,27.1,321.68,326.76,low
695,18/03/2020 9:55,30.2,19.58,63.7,1.05,0.8,88.09,2.19,27.1,335.16,325.82,low
696,18/03/2020 10:00,30.2,19.03,61.8,1.05,0.8,84.82,2.08,27.1,327.54,330.05,low
697,18/03/2020 10:05,30.5,19.27,61.5,1.05,0.79,83.84,2.08,27.1,327.55,319.8,high
698,18/03/2020 10:10,30.6,18.94,60.31,1.05,0.81,88.18,2.08,27.1,322.41,317.98,high
699,18/03/2020 10:15,30.7,18.92,60.03,1.05,0.83,86.51,2.06,27.1,325.65,318,high
700,18/03/2020 10:20,30.4,18.88,61,1.05,0.79,84.32,2.07,27.2,328.29,316.21,high
701,18/03/2020 10:25,30.7,18.89,59.9,1.05,0.9,82.31,2.07,27.1,327.54,321.48,high
702,18/03/2020 10:30,31.2,19.07,58.89,1.05,0.9,86.47,2.07,27.2,324.99,321.58,high
703,18/03/2020 10:35,31.3,18.95,58.2,1.05,0.92,75.75,2.07,27.2,321.54,318.11,high
704,18/03/2020 10:40,31.2,18.94,58.31,1.05,0.9,90.42,2.07,27.2,313.54,322.4,high
705,18/03/2020 10:45,31.5,18.5,56.21,1.05,0.88,85.04,2.13,27.2,323.07,315.32,high
706,18/03/2020 10:50,31.7,18.4,55.32,1.05,0.91,95.39,2.25,27.3,317.91,315.34,high
707,18/03/2020 10:55,31.7,18.36,55.09,1.05,0.87,83.25,2.25,27.2,327.35,322.37,high
708,18/03/2020 11:00,31.9,18.29,54.41,1.05,0.88,88.93,2.25,27.2,321.52,321.55,high
709,18/03/2020 11:05,32,18.69,55.3,1.05,0.88,83.68,2.25,27.2,321.32,320.6,high
710,18/03/2020 11:10,32.1,18.35,54.2,1.05,0.86,91.8,2.25,27.2,330.8,324.93,high
711,18/03/2020 11:15,32.4,18.13,52.5,1.05,0.88,88.12,2.37,27.2,320.71,320.66,high
712,18/03/2020 11:20,33,18.37,51.81,1.05,0.89,92.03,2.37,27.3,315.39,313.63,high
713,18/03/2020 11:25,32.9,18.34,51.51,1.05,0.91,95.63,2.37,27.2,323.09,319.79,high
714,18/03/2020 11:30,33.4,18.2,50,1.05,0.9,101.98,2.49,27.2,320.49,318.86,high
715,18/03/2020 11:35,33.3,18.25,50.39,1.05,0.85,96.38,2.38,27.3,325.79,331.85,high
716,18/03/2020 11:40,33.1,18.32,51.51,1.05,0.88,93.82,2.27,27.2,326.65,321.06,high
717,18/03/2020 11:45,33.4,18.02,49.5,1.05,0.92,94.15,2.27,27.3,334.87,317.03,high
718,18/03/2020 11:50,32.6,18.46,52.9,1.05,0.89,91.57,2.27,27.3,324.19,322.49,high
719,18/03/2020 11:55,32.6,18.5,53,1.05,0.96,88.84,2.27,27.3,326.73,322.43,high
720,18/03/2020 12:00,32.6,18.64,53.7,1.05,0.97,92.11,2.27,27.3,330.91,324,high
721,18/03/2020 12:05,33.1,18.63,52.01,1.05,1.3,93.89,2.27,27.3,328.43,315.45,high
722,18/03/2020 12:10,33,18.85,52.89,1.05,0.99,102.6,2.49,27.3,330.73,326.63,high
723,18/03/2020 12:15,32.9,18.92,53.11,1.05,0.92,106.77,2.44,27.3,322.36,322.37,high
724,18/03/2020 12:20,33.4,18.41,50.32,1.05,0.97,101.63,2.52,27.3,323.85,322.42,high
725,18/03/2020 12:25,33.6,18.78,51.28,1.05,0.99,102.44,2.52,27.4,316.38,324.14,high
726,18/03/2020 12:30,33.3,18.86,52.38,1.05,1,91.42,2.39,27.4,320.57,325.85,high
727,18/03/2020 12:35,33.4,18.68,51.2,1.05,1.11,102.64,2.39,27.3,329.26,322.43,high
728,18/03/2020 12:40,33.1,18.81,52.79,1.05,1.07,92.26,2.27,27.4,328.29,329.28,high
729,18/03/2020 12:45,33.05,18.96,53,1.05,1.07,96.04,2.27,27.4,332.25,322.39,high
730,18/03/2020 12:50,33.3,19.09,52.98,1.05,1.02,98.63,2.27,27.4,318.84,330.11,high
731,18/03/2020 12:55,33.4,18.99,51.9,1.05,1.05,98.21,2.27,27.4,318.02,325.01,high
732,18/03/2020 13:00,33.8,19.08,51.8,1.05,0.98,108.96,2.27,27.4,315.21,322.46,high
733,18/03/2020 13:05,33.2,19.05,53,1.12,1.02,96.92,2.27,27.4,326.46,325.78,high
734,18/03/2020 13:10,32.6,19.26,55.29,1.12,0.99,97.66,2.27,27.4,316.99,321.47,high
735,18/03/2020 13:15,32.4,19.13,55.6,1.12,0.99,99.98,2.27,27.4,324.09,321.59,high
736,18/03/2020 13:20,32.9,19.13,53.9,1.12,1.01,91.21,2.27,27.5,318.8,327.42,high
737,18/03/2020 13:25,33.1,18.88,52.9,1.12,0.99,107.18,2.27,27.4,330.91,330.08,high
738,18/03/2020 13:30,33.2,18.59,51.59,1.12,0.99,93.24,2.27,27.4,317.85,322.51,high
739,18/03/2020 13:35,33.4,18.89,51.4,1.12,1.01,97.09,2.28,27.4,318.9,325.88,high
740,18/03/2020 13:40,33.1,18.95,52.8,1.12,1.08,95,2.28,27.4,330.48,320.18,high
741,18/03/2020 13:45,33.3,18.82,52.09,1.12,1.08,98.75,2.77,27.4,1240.91,1259.98,high
742,18/03/2020 13:50,33.3,18.07,49.9,1.12,1.13,116.65,3.19,27.2,1474.65,1590.68,high
743,18/03/2020 13:55,33.7,18.45,49.89,1.12,1.11,117.73,3.33,27,1372.29,1496.19,high
744,18/03/2020 14:00,33.1,18.67,52.39,1.12,1.04,112.24,3.35,26.9,1340.01,1450.76,high
745,18/03/2020 14:05,33.9,18.57,49.71,1.12,1.06,129.04,3.31,26.7,1324.56,1468.34,high
746,18/03/2020 14:10,34.3,18.89,49.5,1.12,1.06,116.77,3.31,26.7,1363.59,1479.57,high
747,18/03/2020 14:15,34.6,18.69,48.2,1.12,1.17,126.24,3.24,27.42,1372.97,1495.25,high
748,18/03/2020 14:20,33.81,20.08,53.97,1.12,1.01,136.88,3.24,26.7,1392.22,1499.82,high
749,18/03/2020 14:25,33.7,19.79,53.51,1.12,1.01,119.08,3,26.6,1357.12,1485.48,high
750,18/03/2020 14:30,33.7,19.82,53.3,1.12,0.99,128.98,3.07,26.5,1363.66,1485.35,high
751,18/03/2020 14:35,33.7,19.82,53.58,1.12,0.98,126.6,3.07,26.5,1353.98,1477.77,high
752,18/03/2020 14:40,33.1,20.17,56,1.12,0.97,123.46,3.18,26.5,1346.13,1467.89,high
753,18/03/2020 14:45,33.2,20.57,57,1.12,1,124.71,3.18,26.5,1369.17,1493.62,high
754,18/03/2020 14:50,32.4,20.45,59.49,1.12,0.98,129.49,2.82,26.5,996.65,973.78,high
755,18/03/2020 14:55,32.2,20.43,59.8,1.12,0.98,112.45,2.3,26.5,328.5,325.89,high
756,18/03/2020 15:00,32.4,20.23,58.6,1.12,1.18,105.6,2.3,26.8,330.22,330.1,high
757,18/03/2020 15:05,33.2,19.5,54.14,1.12,1.01,107.68,2.3,26.9,335.89,324.93,high
758,18/03/2020 15:10,31.25,20.51,63.16,1.12,1.01,105.74,2.29,26.9,335.95,323.22,high
759,18/03/2020 15:15,31,20.61,64,1.12,1.01,106.79,2.29,27,327.44,321.72,high
760,18/03/2020 15:20,31.6,20.52,62,1.12,1.02,110.29,2.29,27.1,318.08,320.55,high
761,18/03/2020 15:25,32.2,20.05,58.61,1.12,0.99,111.56,2.29,27.1,331.79,320.7,high
762,18/03/2020 15:30,33.4,19.56,53.8,1.12,1.01,107,2.29,27.2,321.54,315.36,high
763,18/03/2020 15:35,34.2,18.7,49.01,1.12,1.06,101.46,2.25,27.2,326.62,321.51,high
764,18/03/2020 15:40,34.7,19,48.7,1.12,1.07,94.37,2.26,27.2,326.83,323.32,high
765,18/03/2020 15:45,34.2,19.25,50.72,1.12,1.07,98.52,2.26,27.3,323.1,326.3,high
766,18/03/2020 15:50,34.2,19.3,50.7,1.12,1.09,99.57,2.26,27.3,330.11,332.62,high
767,18/03/2020 15:55,33.9,19.42,51.71,1.12,1.11,96.29,2.25,27.3,244.57,323.7,high
768,18/03/2020 16:00,34.1,19.71,52.2,1.12,1.15,108.24,2.13,27.3,153.18,113.98,high
769,18/03/2020 16:05,33.7,20.42,55.19,1.12,1.1,109.29,2.15,27.4,147.63,108.01,high
770,18/03/2020 16:10,32.9,20.46,57.7,1.12,1.09,110.9,2.15,27.5,153.27,110.58,high
771,18/03/2020 16:15,33.1,20.63,57.31,1.12,1.11,107.58,2.15,27.5,151.45,108.03,high
772,18/03/2020 16:20,33,20.32,57.49,1.12,1.08,105.78,2.15,27.6,151.43,102.61,high
773,18/03/2020 16:25,32.8,19.15,54.31,1.12,1.1,103.19,2.15,27.7,145.79,102.61,high
774,18/03/2020 16:30,32.9,19.17,53.7,1.12,1.14,89.5,2.15,27.6,143.78,102.61,high
775,18/03/2020 16:35,33.1,18.81,52.81,1.12,1.15,101.76,2.15,27.6,192.63,143.97,high
776,18/03/2020 16:40,32.8,18.9,53.6,1.12,1.11,93.99,2.15,27.7,194.05,145.93,high
777,18/03/2020 16:45,32.8,18.9,53.6,1.11,1.29,96.63,2.26,27.6,329.37,286.99,high
778,18/03/2020 16:50,32.5,19.02,54.8,1.12,1.02,107.49,2.39,27.5,493.24,426.68,high
779,18/03/2020 16:55,32.3,19.06,55.6,1.12,1.05,104.32,2.6,27.35,817.77,778.14,high
780,18/03/2020 17:00,32.23,18.99,55.76,1.11,1.12,111.69,2.93,27.17,980.43,949.65,high
781,18/03/2020 17:05,32.1,19.11,56.5,1.06,1.12,113.12,2.86,27,1041,996.92,high
782,18/03/2020 17:10,31.4,20.01,61.21,1.06,1.15,116.44,3.02,26.98,1171.03,1187.87,high
783,18/03/2020 17:15,30.5,20.76,66.39,1.06,1.13,121.4,3.18,26.9,1297.45,1330.3,high
784,18/03/2020 17:20,29.8,20.88,70.09,1.06,1.14,126.14,3.2,26.7,1331.58,1504.1,high
785,18/03/2020 17:25,28.97,21.25,74.16,1.06,1.13,130.22,3.2,26.7,1314.63,1464.18,high
786,18/03/2020 17:30,28.7,21.16,74.8,1.06,1.12,129.93,3.2,26.6,1520.52,355.87,high
787,18/03/2020 17:35,28.6,21.1,75.3,1.06,1.06,109.87,2.42,26.7,324.05,301.52,high
788,18/03/2020 17:40,28.6,20.96,74.51,1.06,1.1,110.18,2.42,26.9,320.33,302.52,high
789,18/03/2020 17:45,28.6,20.88,74.3,1.06,1.02,108.29,2.42,27,328.15,301.67,high
790,18/03/2020 17:50,28.5,20.88,74.5,1.06,0.92,104.56,2.28,27.1,325.75,305.17,low
791,18/03/2020 17:55,28.5,20.88,74.7,1.06,0.89,103.14,2.28,27.1,326.49,299.64,low
792,18/03/2020 18:00,28.5,20.88,74.8,1.06,0.9,101.94,2.13,27.2,314.43,295.77,low
793,18/03/2020 18:05,28.6,21.02,74.4,1.06,0.88,98.15,2.13,27.2,309.93,293.06,low
794,18/03/2020 18:10,28.7,20.93,73.7,1.06,0.86,103.4,2.13,27.25,310.69,297.72,low
795,18/03/2020 18:15,28.7,21.08,74.7,0.64,0.9,103.37,2.02,27.3,322.87,296.88,low
796,18/03/2020 18:20,29.1,20.44,70.72,0.64,0.95,91.35,1.91,27.3,321.49,299.62,high
797,18/03/2020 18:25,29.6,19.91,67,0.64,0.94,92.76,1.91,27.2,321.24,301.43,high
798,18/03/2020 18:30,29.9,19.61,65.2,0.64,0.96,89.99,1.91,27.3,316.99,299.59,high
799,18/03/2020 18:35,29.93,19.67,65.2,0.64,0.96,87.01,1.91,27.3,311.58,298.69,high
800,18/03/2020 18:40,30,19.79,65.3,0.64,0.93,90.95,1.91,27.3,309.92,296.72,high
801,18/03/2020 18:45,29.21,20.83,71.56,0.64,0.88,80.56,1.61,27.3,307.25,297.72,high
802,18/03/2020 18:50,28.6,20.88,74.39,0.64,0.88,75.3,1.49,27.3,323.03,298.69,low
803,18/03/2020 18:55,28.3,20.87,75.3,0.64,0.91,80.22,1.49,27.2,311.87,299.59,high
804,18/03/2020 19:00,27.8,20.87,77.9,0.63,0.95,79.07,1.49,27.2,321.42,303.85,low
805,18/03/2020 19:05,27.7,21.1,78.79,0.63,0.94,0,1.49,27.2,311.7,302.47,high
806,18/03/2020 19:10,27.4,21.18,80.4,0.63,0.92,0,1.49,27.3,317.89,305.25,high
807,18/03/2020 19:15,27.3,21.3,81.7,0.63,0.95,0,0.29,27.5,0,18.13,high
808,18/03/2020 19:20,26.9,21.39,83.5,0.63,0.94,0,0.29,27.6,0,30.1,high
809,18/03/2020 19:25,26.8,21.03,83,0.63,0.93,0,0.29,27.7,16.82,38.37,high
810,18/03/2020 19:30,26.6,20.94,83,0.63,0.91,0,0.29,27.7,0,0.5,low
811,18/03/2020 19:35,26.6,20.64,81.8,0.63,0.91,0,0.29,27.7,0,18.43,high
812,18/03/2020 19:40,26.5,20.32,81.2,0.63,0.91,0,0.29,27.8,0,18.75,high
813,18/03/2020 19:45,26.4,20.14,80.7,0.63,0.92,0,0.29,27.8,0.27,30.1,high
814,18/03/2020 19:50,26.5,20.3,80.8,0.63,0.92,0,0.29,27.7,0,38.37,high
815,18/03/2020 19:55,26.5,20.45,81.7,0.63,0.95,0,0.29,27.8,0,0,high
816,18/03/2020 20:00,26.4,20.91,83.89,0.63,0.96,0,0.29,27.8,0,0,high
817,18/03/2020 20:05,26.3,21.06,84.8,0.63,0.9,0,0.29,27.8,0,18.13,high
818,18/03/2020 20:10,26.3,20.92,85.1,0.63,0.92,0,0.29,27.9,8.41,28.4,low
819,18/03/2020 20:15,26.3,21.04,85.3,0.63,0.81,0,0.29,27.9,16.82,0,low
820,18/03/2020 20:20,26.2,21.14,85.5,0.64,0.79,0,0.29,27.9,0,0,low
821,18/03/2020 20:25,26.4,21.14,85.1,0.63,0.79,0,0.29,27.9,0,0,low
822,18/03/2020 20:30,26.4,21.13,84.7,0.63,0.79,0,0.29,27.9,0,30.1,low
823,18/03/2020 20:35,26.5,21.28,84.9,0.63,0.85,0,0.29,27.9,0,18.43,low
824,18/03/2020 20:40,26.5,21.23,84.71,0.64,0.84,0,0.29,27.9,0,30.09,low
825,18/03/2020 20:45,26.6,21.29,84.5,0.64,0.84,0,0.29,27.9,0,0,low
826,18/03/2020 20:50,26.7,21.46,84.4,0.63,0.83,0,0.29,28,16.82,9.14,low
827,18/03/2020 20:55,26.7,21.33,84,0.64,0.86,0,0.29,28,16.82,0.49,low
828,18/03/2020 21:00,27,21.51,83.4,0.63,0.88,0,0.29,28,16.82,18.43,low
829,18/03/2020 21:05,27,21.51,83.4,0.63,0.84,0,0.29,28,0,18.62,low
830,18/03/2020 21:10,27,21.51,83.6,0.7,0.76,0,0.29,28,0,38.23,low
831,18/03/2020 21:15,26.9,21.36,83.4,0.7,0.77,0,0.29,27.9,0,30.1,low
832,18/03/2020 21:20,27.1,21.71,83.7,0.69,0.77,0,0.29,28,0,30.1,low
833,18/03/2020 21:25,27,21.45,83.1,0.69,0.74,0,0.29,28,0,38.37,low
834,18/03/2020 21:30,27.1,21.45,82.6,0.69,0.65,0,0.29,28,0,38.23,low
835,18/03/2020 21:35,27.2,21.41,82.1,0.7,0.67,0,0.29,28,0,0,low
836,18/03/2020 21:40,27.2,21.32,81.4,0.7,0.66,0,0.29,28,0,0,low
837,18/03/2020 21:45,27.2,21.27,81,0.7,0.68,0,0.29,28,0,18.43,low
838,18/03/2020 21:50,27.2,21.06,80.4,0.7,0.7,0,0.29,28.1,0,18.43,low
839,18/03/2020 21:55,27.2,21.06,80.6,0.7,0.66,0,0.29,28.1,0,18.43,low
840,18/03/2020 22:00,27.4,21.06,80.2,0.67,0.67,0,0.29,28.1,0,18.43,low
841,18/03/2020 22:05,27.4,20.94,79.6,0.64,0.77,0,0.29,28.1,0.27,18.62,low
842,18/03/2020 22:10,27.4,21.05,79.9,0.64,0.76,0,0.29,28,0,18.43,low
843,18/03/2020 22:15,27.4,20.91,79.4,0.64,0.8,0,0.29,28.1,0,24.26,low
844,18/03/2020 22:20,27.4,20.98,79.3,0.64,0.75,0,0.29,28,0,30.09,low
845,18/03/2020 22:25,27.4,20.86,79.4,0.64,0.73,0,0.29,28,0,29.85,low
846,18/03/2020 22:30,27.4,20.86,79,0.64,0.75,0,0.29,28,0,38.04,low
847,18/03/2020 22:35,27.5,20.86,78.7,0.64,0.78,0,0.29,28,16.82,30.1,low
848,18/03/2020 22:40,27.5,20.86,78.8,0.64,0.72,0,0.29,28.1,16.55,18.62,low
849,18/03/2020 22:45,27.4,20.86,79.2,0.64,0.72,0,0.29,28.1,0,30.09,low
850,18/03/2020 22:50,27.5,20.87,78.9,0.64,0.75,0,0.29,28.1,8.41,34.23,low
851,18/03/2020 22:55,27.5,20.9,78.8,0.64,0.77,0,0.29,28,0,30.1,low
852,18/03/2020 23:00,27.5,20.9,78.8,0.64,0.78,0,0.29,28,0,30.1,low
853,18/03/2020 23:05,27.5,20.9,78.7,0.64,0.78,0,0.29,28,0,38.23,low
854,18/03/2020 23:10,27.4,20.87,79,0.64,0.73,0,0.29,28,0,30.1,low
855,18/03/2020 23:15,27.4,20.87,79,0.64,0.75,0,0.29,28,16.82,30.1,low
856,18/03/2020 23:20,27.3,20.87,79.6,0.64,0.68,0,0.29,27.9,16.82,30.1,low
857,18/03/2020 23:25,27.3,20.87,79.7,0.64,0.67,0,0.29,28,0.47,30.1,low
858,18/03/2020 23:30,27.3,20.87,79.6,0.64,0.68,0,0.29,28,0,30.1,low
859,18/03/2020 23:35,27.3,20.87,79.4,0.64,0.68,0,0.29,28,16.82,30.23,low
860,18/03/2020 23:40,27.3,20.77,79.4,0.64,0.69,0,0.29,28.1,29.14,38.36,low
861,18/03/2020 23:45,27.3,20.77,79.2,0.64,0.66,0,0.29,28.1,29.14,38.36,low
862,18/03/2020 23:50,27.3,20.88,79.8,0.64,0.67,0,0.29,28.1,17.03,38.23,low
863,18/03/2020 23:55,27.3,20.76,79.9,0.64,0.65,0,0.29,28.1,0,30.1,low
960,19/03/2020 8:00,26.5,19.14,76.3,0.45,0.57,91.13,2.51,27.3,320.57,299.64,low
961,19/03/2020 8:05,26.6,19.14,75.8,0.45,0.58,91.69,2.54,27.3,322.37,306.18,low
962,19/03/2020 8:10,26.7,19.15,75.7,0.45,0.57,85.74,2.27,27.2,323.98,297.76,low
963,19/03/2020 8:15,26.9,19.15,74.9,0.45,0.56,78.1,1.97,27.2,311.57,298.67,low
964,19/03/2020 8:20,27.1,19.35,74.7,0.45,0.56,75.56,1.87,27.2,309.65,293.9,low
965,19/03/2020 8:25,27.2,19.35,74.1,0.45,0.57,76.54,1.72,27.1,316.12,294.89,low
966,19/03/2020 8:30,27.3,19.15,73,0.45,0.6,74.26,1.71,27.1,309.81,298.67,low
967,19/03/2020 8:35,27.6,19.15,72.21,0.52,0.59,76.06,1.71,27.1,307.93,302.35,low
968,19/03/2020 8:40,27.7,19.17,71.2,0.52,1.11,74.59,1.69,27.1,318.69,294.89,low
969,19/03/2020 8:45,28,19.49,71.6,0.52,0.62,74.75,1.69,27.1,317.85,294.91,low
970,19/03/2020 8:50,28.2,19.16,69.6,0.52,0.62,76.62,1.69,27.1,318.85,301.5,low
971,19/03/2020 8:55,28.4,19.03,68.41,0.52,0.62,65.71,1.81,27,313.6,303.31,low
972,19/03/2020 9:00,28.4,19.26,69.3,0.52,0.87,81.22,1.94,27,319.49,302.49,low
973,19/03/2020 9:05,28.6,19.28,68.7,0.52,0.91,74.45,1.94,27,318.81,301.52,low
974,19/03/2020 9:10,29,19.17,67.01,0.52,0.91,81.2,1.94,27,313.8,304.24,low
975,19/03/2020 9:15,29.2,19.38,66.1,0.73,0.98,80.19,1.81,27,317.03,300.47,low
976,19/03/2020 9:20,29.2,19.26,65.9,0.73,0.98,80.22,1.81,26.9,319.97,297.75,low
977,19/03/2020 9:25,29.2,19.26,66.4,0.73,1.45,74.98,1.81,26.8,314.37,296.85,low
978,19/03/2020 9:30,29.5,19.56,66.1,0.73,1.08,80.29,1.81,27,310.72,302.35,low
979,19/03/2020 9:35,29.6,19.41,65.4,0.73,1.08,74.57,1.81,27,304.33,300.57,low
980,19/03/2020 9:40,29.7,19.37,64.7,1.13,1.03,81.7,1.81,27,202.54,145.86,low
981,19/03/2020 9:45,29.9,19.23,63.71,1.13,1.05,76.93,1.69,27.1,196.93,145.86,low
982,19/03/2020 9:50,30.1,19.17,62.8,1.12,1.08,70.63,1.69,27.1,194.02,145.86,low
983,19/03/2020 9:55,29.9,19.47,64.5,1.12,1.43,78.44,1.69,27.1,201.02,143.91,low
984,19/03/2020 10:00,29.7,19.27,64.5,1.12,0.98,73.99,1.69,27.2,194.14,145.86,low
985,19/03/2020 10:05,29.6,19.21,64.7,1.12,1.01,65.23,1.66,27.2,198.3,143.97,low
986,19/03/2020 10:10,30,19,62.8,1.12,1.08,80.2,1.69,27.2,192.65,145.86,low
987,19/03/2020 10:15,30.5,18.87,60.3,1.12,1.04,78.7,2,27.2,195.47,141.94,low
988,19/03/2020 10:20,30.3,18.84,60.89,1.12,0.95,80.68,1.77,27.3,195.48,141.96,low
989,19/03/2020 10:25,30.5,19.03,60.99,1.12,0.99,80.78,1.82,27.3,185.26,141.96,low
990,19/03/2020 10:30,30.5,18.84,60.1,1.12,1.04,78.83,1.94,27.3,196.9,143.88,low
991,19/03/2020 10:35,30.6,18.82,60.1,1.12,0.96,74.36,1.94,27.3,194.05,141.99,low
992,19/03/2020 10:40,30.6,18.95,60.5,1.12,0.94,83.42,1.94,27.2,198.29,143.93,low
993,19/03/2020 10:45,30.3,18.91,61.5,1.12,1.08,83.01,1.94,27.3,194.05,143.97,low
994,19/03/2020 10:50,30.3,18.75,61.1,1.12,1.19,73.88,1.94,27.3,198.4,143.94,high
995,19/03/2020 10:55,30.4,18.68,60.19,1.12,1.16,81.62,1.94,27.3,195.52,141.99,high
996,19/03/2020 11:00,30.8,18.61,58.7,1.12,1.15,87.95,1.92,27.3,196.82,143.97,high
997,19/03/2020 11:05,31.1,18.42,57.3,1.12,1.11,74.48,1.92,27.3,186.73,145.89,high
998,19/03/2020 11:10,31.1,18.39,57.11,1.12,1.15,81.33,1.92,27.3,194.07,143.94,high
999,19/03/2020 11:15,31.2,18.43,56.6,1.12,1.14,81.48,2.02,27.3,192.63,145.86,high
1000,19/03/2020 11:20,32,17.91,53,1.12,1.09,80.37,2.02,27.3,190.57,144.59,high
1001,19/03/2020 11:25,32.1,18.07,53.1,1.12,1.11,84.53,2.02,27.4,192.56,147.85,high
1002,19/03/2020 11:30,31.6,18.23,55.09,1.12,1.17,80.72,2.02,27.4,192.65,143.97,high
1003,19/03/2020 11:35,31.9,18.16,53.81,1.12,1.18,80.79,2.18,27.4,198.26,143.91,low
1004,19/03/2020 11:40,31.85,17.68,52.66,1.12,1.09,89.21,2.36,27.4,186.71,141.96,low
1005,19/03/2020 11:45,31.6,17.73,53.6,1.12,1.09,83.37,2.43,27.4,196.8,141.99,high
1006,19/03/2020 11:50,31.6,17.9,54,1.12,1.12,83.04,2.43,27.4,192.58,143.94,high
1007,19/03/2020 11:55,31.9,18.09,53.78,1.12,1.15,83.49,2.54,27.4,199.65,141.96,high
1008,19/03/2020 12:00,32,17.64,52.2,1.12,1.09,94.36,2.47,27.4,188.26,143.94,high
1009,19/03/2020 12:05,32.4,17.47,50.59,1.12,1.1,74.91,2.45,27.4,195.38,141.96,high
1010,19/03/2020 12:10,32.3,17.83,51.9,1.05,0.75,87.46,2.45,27.5,196.84,143.94,high
1011,19/03/2020 12:15,32.9,17.26,48.71,1.16,0.82,92.68,2.59,27.5,194.07,143.91,high
1012,19/03/2020 12:20,32.9,16.66,46.98,1.15,1.07,82.91,2.42,27.5,191.08,143.96,low
1013,19/03/2020 12:25,32.1,17.36,51.2,1.15,1.08,86.43,2.55,27.5,198.34,145.89,low
1014,19/03/2020 12:30,32.8,16.74,47.79,1.15,1.14,88.54,2.35,27.5,199.77,145.96,low
1015,19/03/2020 12:35,32.9,16.38,46.11,1.15,1.21,80.04,2.3,27.5,196.92,145.83,low
1016,19/03/2020 12:40,33,16.2,45.7,1.15,1.35,76.59,2.2,27.4,194.07,141.96,low
1017,19/03/2020 12:45,32.8,16,45.13,1.16,1.37,75.86,2.09,27.5,196.85,143.94,low
1018,19/03/2020 12:50,33.1,15.55,43.8,1.15,1.34,77.22,2.21,27.5,191.13,145.86,low
1019,19/03/2020 12:55,33.1,16.41,45.61,1.16,1.31,74.56,2.1,27.5,196.92,141.96,high
1020,19/03/2020 13:00,33.4,16.24,44.31,1.16,1.27,74.75,2.1,27.5,192.59,145.88,high
1021,19/03/2020 13:05,33.3,16.42,45.4,1.15,1.26,76.02,2.1,27.5,196.87,143.94,high
1022,19/03/2020 13:10,33,16.21,45.6,1.16,1.3,78.36,2.2,27.6,198.33,143.94,high
1023,19/03/2020 13:15,33.8,16.36,44,1.16,1.29,80.32,2.2,27.6,196.92,147.79,high
1024,19/03/2020 13:20,33.5,16.45,45.18,1.16,1.39,77.53,2.2,27.6,196.92,145.89,high
1025,19/03/2020 13:25,33.7,16.39,44.11,1.16,1.33,80.63,2.2,27.6,189.74,145.89,high
1026,19/03/2020 13:30,33.4,16.49,45.5,1.16,1.34,80.85,2.33,27.6,192.58,145.86,high
1027,19/03/2020 13:35,32.7,16.84,47.9,1.16,1.32,80.95,2.33,27.7,196.85,147.79,high
1028,19/03/2020 13:40,33.2,17.07,47.4,1.16,1.25,78.15,2.24,27.6,194.07,145.89,high
1029,19/03/2020 13:45,33.1,16.87,47.29,1.15,1.29,81.39,2.24,27.6,196.99,145.96,high
1030,19/03/2020 13:50,32.8,17.11,48.5,1.15,1.3,84.78,2.21,27.6,191.25,143.97,high
1031,19/03/2020 13:55,32.3,15.48,44.77,1.15,1.28,81.77,2.3,27.6,195.48,147.84,high
1032,19/03/2020 14:00,32.4,15.25,44.2,1.15,1.29,75.46,2.3,27.6,192.53,147.85,high
1033,19/03/2020 14:05,32,18.86,55.8,1.16,1.29,96.74,2.29,27.7,198.35,147.82,high
1034,19/03/2020 14:10,31.8,18.77,56.22,1.16,1.35,100.04,2.33,27.7,196.92,147.82,high
1035,19/03/2020 14:15,31.8,19.06,57.38,1.16,1.29,100.05,2.25,27.7,199.77,149.72,high
1036,19/03/2020 14:20,32,18.48,54.71,1.16,1.54,95.79,2.24,27.7,194.74,148.77,low
1037,19/03/2020 14:25,32,18.65,55.14,1.16,1.14,94.02,2.22,27.7,200.48,148.77,high
1038,19/03/2020 14:30,32.1,18.53,54.81,1.16,2.01,94.17,2.12,27.7,196.92,147.82,high
1039,19/03/2020 14:35,31.8,19.06,56.99,1.16,1.58,95.83,2.15,27.7,198.35,149.72,high
1040,19/03/2020 14:40,31.6,19.13,57.89,1.16,1.46,90.65,2.15,27.7,195.43,149.69,high
1041,19/03/2020 14:45,31.83,18.92,56.5,1.16,1.44,108.09,2.3,27.7,192.56,149.72,high
1042,19/03/2020 14:50,31.5,18.79,57.1,1.16,1.44,93.74,2.3,27.7,196.92,147.82,high
1043,19/03/2020 14:55,31.3,19.11,58.99,1.16,1.41,95.52,2.4,27.7,196.92,149.72,high
1044,19/03/2020 15:00,31.3,18.98,58.28,1.16,1.77,98.74,2.3,27.7,205.25,151.54,high
1045,19/03/2020 15:05,31,18.77,58.6,1.16,1.31,86.61,2.15,27.7,196.96,149.72,high
1046,19/03/2020 15:10,30.7,19.33,61.29,1.16,1.31,93.84,2.15,27.7,194.09,147.85,high
1047,19/03/2020 15:15,30.7,19.08,60.8,1.15,1.36,99.6,2.15,27.7,194.07,149.69,high
1048,19/03/2020 15:20,30.7,19.14,60.67,1.16,1.35,100.85,2.11,27.8,201.12,142.02,high
1049,19/03/2020 15:25,30.7,19.01,60.1,1.16,1.28,89.8,2.21,27.8,191.25,143.94,high
1050,19/03/2020 15:30,30.9,19.41,60.9,1.15,1.29,103.33,2.2,27.7,205.36,145.89,high
1051,19/03/2020 15:35,31.2,19.33,59.6,1.15,1.24,96.18,2.08,27.8,198.35,143.91,high
1052,19/03/2020 15:40,31.7,19.19,57.71,1.16,1.31,102.71,2.07,27.8,196.92,143.94,high
1053,19/03/2020 15:45,31.7,19.16,57.3,1.16,1.32,96.09,2.13,27.8,203.96,147.76,high
1054,19/03/2020 15:50,32.1,18.72,55.3,1.14,1.3,98.57,2.18,27.8,194.02,145.89,high
1055,19/03/2020 15:55,31.7,18.99,56.8,1.15,1.3,98.71,2.22,27.8,203.84,143.94,high
1056,19/03/2020 16:00,31.6,18.99,57.38,1.15,1.29,95.08,2.33,27.8,195.45,147.79,high
1057,19/03/2020 16:05,31.3,18.95,58.3,1.16,1.28,92.25,2.3,27.8,199.77,145.89,high
1058,19/03/2020 16:10,32.3,18.75,55.01,1.15,1.3,106.3,2.18,27.9,199.7,145.92,high
1059,19/03/2020 16:15,31.6,19.16,58.09,1.16,1.3,96.7,2.28,27.8,201.18,143.94,high
1060,19/03/2020 16:20,31.83,19.14,57.2,1.16,1.32,111.72,2.37,27.8,195.52,142.06,high
1061,19/03/2020 16:25,31.9,19.26,57.21,1.16,1.31,105.15,2.53,27.8,194.02,141.96,high
1062,19/03/2020 16:30,31.8,19.29,58.01,1.16,1.29,110.47,2.53,27.8,199.77,145.89,high
1063,19/03/2020 16:35,32,19.18,56.88,1.16,1.27,111.96,2.53,27.8,194.07,141.99,high
1064,19/03/2020 16:40,31.8,19.36,58.09,1.16,1.3,101.07,2.53,27.8,195.48,143.94,high
1065,19/03/2020 16:45,31.7,19.26,57.8,1.16,1.37,110.75,2.48,27.8,203.89,143.94,high
1066,19/03/2020 16:50,31.3,19.21,59,1.16,1.43,106.17,2.61,27.8,198.35,147.82,high
1067,19/03/2020 16:55,31.6,19.43,58.7,1.16,1.45,106.75,2.49,27.8,196.92,145.86,high
1068,19/03/2020 17:00,31.3,19.28,59.39,1.16,1.94,104.22,2.49,27.8,195.52,145.86,high
1069,19/03/2020 17:05,30.9,19.36,60.9,1.16,1.41,111.02,2.49,27.9,189.6,147.82,high
1070,19/03/2020 17:10,31.2,19.51,60,1.16,1.36,101.84,2.49,27.8,197.03,143.94,high
1071,19/03/2020 17:15,31.6,19.51,58.91,1.15,1.36,99.29,2.62,28,199.77,147.82,high
1072,19/03/2020 17:20,31.7,19.33,57.6,1.15,1.33,103.66,2.59,28,196.32,143.94,high
1073,19/03/2020 17:25,31.55,19.39,58.74,1.15,1.36,107.51,2.59,28.05,195.47,144.92,high
1074,19/03/2020 17:30,31.38,19.66,60.02,1.15,1.33,108.54,2.61,27.94,198.06,145.89,high
1075,19/03/2020 17:35,31,19.8,61.9,1.15,1.31,113.46,2.62,27.9,198.33,145.86,high
1076,19/03/2020 17:40,30.8,19.56,61.7,1.15,1.36,108.44,2.52,27.9,201.18,145.89,high
1077,19/03/2020 17:45,30.8,19.71,62.5,1.15,1.36,105.85,2.63,27.9,192.63,145.86,high
1078,19/03/2020 17:50,30.5,19.65,63,1.15,1.35,104.92,2.47,27.9,196.92,145.89,high
1079,19/03/2020 17:55,30.6,19.53,62.4,1.15,1.34,101.13,2.47,28,198.32,143.96,high
1080,19/03/2020 18:00,30.45,19.53,62.8,1.15,1.29,100.59,2.33,28,195.55,145.89,high
1081,19/03/2020 18:05,30.4,19.51,62.9,1.15,1.28,98.7,2.32,28.1,195.48,141.93,high
1082,19/03/2020 18:10,30.6,19.62,62.8,1.15,1.38,97.63,2.25,28,196.92,143.94,high
1083,19/03/2020 18:15,30.4,19.59,63.2,1.15,1.34,97.87,2.15,27.9,202.54,145.89,high
1084,19/03/2020 18:20,30.3,19.59,63.51,1.15,1.33,92.09,2.14,27.9,198.35,145.89,high
1085,19/03/2020 18:25,30.2,19.64,63.8,1.15,1.33,89.3,1.91,28,196.92,145.89,low
1086,19/03/2020 18:30,30.2,19.49,63.3,1.15,1.33,88.73,1.9,28,198.21,143.94,low
1087,19/03/2020 18:35,30.2,19.49,63.7,1.15,1.3,89.27,2.01,27.9,201.18,145.89,high
1088,19/03/2020 18:40,30.1,19.61,64.2,1.16,1.26,88.74,1.9,27.9,201.16,141.99,high
1089,19/03/2020 18:45,30.07,19.72,64.8,1.16,1.18,71.84,1.63,27.83,198.35,145.89,high
1090,19/03/2020 18:50,30.1,19.72,64.6,1.16,1.2,76.3,1.5,27.8,201.18,143.94,high
1091,19/03/2020 18:55,29.8,19.72,65.8,1.15,1.21,76.14,1.5,27.8,198.35,143.94,high
1092,19/03/2020 19:00,29.8,19.83,66.5,1.15,1.19,75.29,1.5,27.9,202.61,143.97,high
1093,19/03/2020 19:05,29.8,19.83,66.7,1.15,1.16,0,1.5,27.9,192.56,143.94,high
1094,19/03/2020 19:10,29.6,19.85,66.9,1.15,1.2,0,1.5,28,198.34,139.94,low
1095,19/03/2020 19:15,29.47,19.97,67.57,1.13,1.14,0,0.29,28,29.14,18.43,high
1096,19/03/2020 19:20,29.4,19.97,68.1,1.05,1.11,0,0.29,28,16.82,18.43,low
1097,19/03/2020 19:25,29.3,19.93,68.1,1.05,1.21,0,0.29,28,0,30.1,high
1098,19/03/2020 19:30,29.3,19.91,68.3,1.11,0.76,0,0.29,28.07,0,18.43,low
1099,19/03/2020 19:35,29.3,19.91,68.7,1.11,0.77,0,0.29,28.1,0,18.43,low
1100,19/03/2020 19:40,29.1,19.91,68.8,1.11,0.81,0,0.29,28.1,0.14,38.3,low
1101,19/03/2020 19:45,29.1,20.03,69.5,1.11,0.79,0,0.29,28.1,0,0,low
1102,19/03/2020 19:50,28.9,19.9,69.7,1.11,0.79,0,0.29,28.1,14.57,9.21,low
1103,19/03/2020 19:55,28.9,20.04,70.1,1.11,0.79,0,0.29,28.1,0,18.43,low
1104,19/03/2020 20:00,28.8,19.94,70.1,1.11,0.77,0,0.29,28.1,0,29.91,low
1105,19/03/2020 20:05,28.8,19.94,70.3,1.11,0.77,0,0.29,28.1,16.82,30.1,low
1106,19/03/2020 20:10,28.8,19.94,70.7,0.7,0.77,0,0.29,28.1,0,38.36,low
1107,19/03/2020 20:15,28.8,20.06,70.9,0.7,0.77,0,0.29,28.3,0,0,low
1108,19/03/2020 20:20,28.7,20.06,70.9,0.7,0.76,0,0.29,28.3,0,18.43,low
1109,19/03/2020 20:25,28.6,19.95,71.2,0.7,1.23,0,0.29,28.3,0,0.01,low
1110,19/03/2020 20:30,28.5,19.95,71.3,0.7,0.89,0,0.29,28.3,0,18.43,low
1111,19/03/2020 20:35,28.5,20.06,71.7,0.7,0.84,0,0.29,28.4,16.82,38.36,high
1112,19/03/2020 20:40,28.4,20.06,72,0.7,1.46,0,0.29,28.4,0,38.36,low
1113,19/03/2020 20:45,28.4,20.06,71.8,0.7,0.83,0,0.29,28.4,16.82,0,low
1114,19/03/2020 20:50,28.3,19.84,71.8,0.7,0.83,0,0.29,28.4,0,24.26,low
1115,19/03/2020 20:55,28.3,19.95,72.1,0.7,0.81,0,0.29,28.4,8.41,28.4,low
1116,19/03/2020 21:00,28.3,19.82,71.9,0.7,0.72,0,0.29,28.3,16.55,18.62,low
1117,19/03/2020 21:05,28.3,19.82,71.9,0.63,0.72,0,0.29,28.3,16.82,30.1,low
1118,19/03/2020 21:10,28.3,19.82,71.9,0.63,0.68,0,0.29,28.2,16.82,30.09,low
1119,19/03/2020 21:15,28.3,19.71,71.6,0.63,0.8,0,0.29,28.2,16.82,30.1,low
1120,19/03/2020 21:20,28.2,19.76,71.8,0.63,0.78,0,0.29,28.1,16.82,30.1,low
1121,19/03/2020 21:25,28.2,19.73,71.7,0.63,0.77,0,0.29,28.1,5.61,22.32,low
1122,19/03/2020 21:30,28.1,19.58,71.5,0.63,0.79,0,0.29,28.3,16.82,32.85,low
1123,19/03/2020 21:35,28.1,19.6,71.8,0.63,0.8,0,0.29,28.2,0,30.16,low
1124,19/03/2020 21:40,28.1,19.71,71.7,0.63,0.78,0,0.29,28.1,0,38.37,low
1125,19/03/2020 21:45,28.1,19.71,71.8,0.63,0.77,0,0.29,28.1,0,30.16,low
1126,19/03/2020 21:50,28,19.54,71.8,0.63,0.8,0,0.29,28.1,0,18.43,low
1127,19/03/2020 21:55,28,19.54,72,0.63,0.74,0,0.29,28.1,0,0,low
1128,19/03/2020 22:00,28,19.68,72.2,0.63,0.78,0,0.29,28.1,0,0,low
1129,19/03/2020 22:05,28,19.68,72.3,0.63,0.84,0,0.29,28.1,0,0,low
1130,19/03/2020 22:10,27.9,19.68,72.5,0.63,0.8,0,0.29,28.15,0,0,low
1131,19/03/2020 22:15,27.9,19.68,72.7,0.63,0.81,0,0.29,28.1,0,30.1,low
1132,19/03/2020 22:20,27.9,19.68,72.9,0.63,0.8,0,0.29,28.1,0,38.37,low
1133,19/03/2020 22:25,27.8,19.68,72.9,0.63,0.83,0,0.29,28.1,0,38.37,low
1134,19/03/2020 22:30,27.8,19.57,72.9,0.63,0.85,0,0.29,28.1,0,38.36,low
1135,19/03/2020 22:35,27.8,19.57,72.9,0.63,0.83,0,0.29,28.1,0,30.1,low
1136,19/03/2020 22:40,27.8,19.68,73.1,0.63,0.82,0,0.29,28.1,0,38.36,low
1137,19/03/2020 22:45,27.8,19.57,73.3,0.63,0.83,0,0.29,28.1,16.82,38.37,low
1138,19/03/2020 22:50,27.8,19.68,73.5,0.63,0.8,0,0.29,28.1,16.82,30.1,low
1139,19/03/2020 22:55,27.8,19.68,73.2,0.63,0.82,0,0.29,28.1,16.82,30.1,low
1140,19/03/2020 23:00,27.7,19.57,73.5,0.63,0.84,0,0.29,28.1,16.55,30.1,low
1141,19/03/2020 23:05,27.6,19.57,73.7,0.63,0.83,0,0.29,28.1,16.82,18.43,low
1142,19/03/2020 23:10,27.6,19.57,73.4,0.63,0.83,0,0.29,28.1,16.82,38.36,low
1143,19/03/2020 23:15,27.6,19.41,73.1,0.63,0.81,0,0.29,28.1,8.41,38.37,low
1144,19/03/2020 23:20,27.6,19.41,73,0.63,0.81,0,0.29,28.2,22.98,30.1,low
1145,19/03/2020 23:25,27.6,19.41,72.8,0.63,0.78,0,0.29,28.2,16.82,30.1,low
1146,19/03/2020 23:30,27.6,19.41,73,0.63,1.9,0,0.29,28.3,16.83,38.37,low
1147,19/03/2020 23:35,27.5,19.52,73.3,0.63,0.79,0,0.29,28.3,16.82,45.14,low
1148,19/03/2020 23:40,27.5,19.52,73.7,0.63,0.8,0,0.29,28.3,29.14,38.37,low
1149,19/03/2020 23:45,27.6,19.63,73.6,0.63,0.84,0,0.29,28.3,16.82,45.14,low
1150,19/03/2020 23:50,27.5,19.6,74,0.63,0.85,0,0.29,28.3,0,18.43,low
1151,19/03/2020 23:55,27.4,19.6,74.2,0.63,0.85,0,0.29,28.3,0,0,low
1248,20/03/2020 8:00,26.9,18.85,73.5,0.03,0.54,95.79,2.37,27.7,198.35,143.94,low
1249,20/03/2020 8:05,27,18.85,73.1,0.03,0.55,85.67,2.26,27.7,192.56,149.72,low
1250,20/03/2020 8:10,27.2,18.85,72.6,0.03,0.53,85.46,2.22,27.7,192.56,147.82,low
1251,20/03/2020 8:15,27.2,18.85,72,0.46,0.55,76.79,1.93,27.6,189.6,143.94,low
1252,20/03/2020 8:20,27.4,18.83,71.5,0.45,0.59,77.12,1.93,27.6,192.56,141.96,low
1253,20/03/2020 8:25,27.5,18.83,71.3,0.45,0.53,77.67,1.65,27.5,199.77,143.94,low
1254,20/03/2020 8:30,27.5,18.94,71.6,0.45,0.58,68.87,2,27.4,192.56,147.82,low
1255,20/03/2020 8:35,27.6,18.94,71.1,0.45,2.35,82.64,1.77,27.3,191.08,143.94,low
1256,20/03/2020 8:40,27.6,18.94,71.2,0.45,0.65,76.05,1.65,27.4,203.98,151.6,low
1257,20/03/2020 8:45,27.9,18.93,70.2,0.45,0.64,66.79,1.7,27.4,194.02,145.89,low
1258,20/03/2020 8:50,28.1,18.93,69.21,0.45,0.64,80.37,1.7,27.4,202.59,147.82,low
1259,20/03/2020 8:55,28.2,18.96,68.9,0.51,0.72,67.67,1.7,27.4,192.56,145.89,low
1260,20/03/2020 9:00,28.2,18.96,68.6,1.39,0.93,74.51,1.95,27.3,201.16,151.6,low
1261,20/03/2020 9:05,28.45,19.01,68.1,1.37,1,81.38,1.85,27.3,196.92,147.82,low
1262,20/03/2020 9:10,28.6,18.96,67.4,1.37,0.97,71.84,1.9,27.3,196.92,147.82,low
1263,20/03/2020 9:15,29.1,19.09,66,1.37,1.02,79.5,1.87,27.4,199.77,147.82,low
1264,20/03/2020 9:20,29,19.08,66.5,1.37,1.01,85.67,1.93,27.4,196.92,149.72,high
1265,20/03/2020 9:25,29.65,19.12,63.9,1.37,1,78.06,1.94,27.5,201.18,147.82,low
1266,20/03/2020 9:30,29.9,19.11,63.4,1.36,0.99,76.71,2.06,27.5,198.35,145.89,low
1267,20/03/2020 9:35,29.9,18.82,62,1.37,1.06,86.3,2.03,27.5,199.77,147.82,low
1268,20/03/2020 9:40,29.5,18.73,63.5,1.37,1.06,77.76,2.03,27.5,192.56,145.89,low
1269,20/03/2020 9:45,29.7,18.76,62.8,1.37,1.08,77.33,2.13,27.5,194.02,145.89,low
1270,20/03/2020 9:50,29.95,18.86,62.1,1.37,1.21,80.32,2.02,27.55,198.35,143.94,high
1271,20/03/2020 9:55,30,18.79,61.9,1.37,1.2,79.06,2.02,27.6,198.35,143.94,high
1272,20/03/2020 10:00,30.2,18.79,61.4,1.37,1.2,86.07,2.3,27.7,189.6,145.89,high
1273,20/03/2020 10:05,30.1,18.83,61.6,1.37,1.2,84.24,2.22,27.6,198.35,145.88,high
1274,20/03/2020 10:10,30,18.88,62.2,1.37,1.18,83.26,2.22,27.7,196.92,143.94,high
1275,20/03/2020 10:15,30.2,18.76,60.8,1.37,1.19,88.84,2.42,27.6,193.73,143.15,low
1276,20/03/2020 10:20,30.1,18.64,61,1.36,1.27,88.55,2.28,27.7,199.77,147.82,low
1277,20/03/2020 10:25,30.7,18.64,59.2,1.36,1.59,83.37,2.32,27.7,196.92,143.94,high
1278,20/03/2020 10:30,31,18.73,58.2,1.36,1.28,85.89,2.07,27.6,198.35,147.82,high
1279,20/03/2020 10:35,31.55,18.64,56.45,1.37,1.25,88.19,2.02,27.6,199.28,145.89,high
1280,20/03/2020 10:40,31.1,18.43,57.1,1.37,1.21,78.24,2.01,27.6,199.77,151.6,high
1281,20/03/2020 10:45,30.9,18.58,58.5,1.37,1.22,85.32,2.01,27.7,196.92,149.72,high
1282,20/03/2020 10:50,31.5,18.53,56.3,1.37,1.26,80.97,2.06,27.8,200.24,149.09,high
1283,20/03/2020 10:55,31.4,18.53,56.6,1.37,1.23,78.47,2.16,27.7,199.77,149.72,high
1284,20/03/2020 11:00,31.4,18.72,57.31,1.23,0.89,87.26,1.99,27.8,198.35,147.82,high
1285,20/03/2020 11:05,31.5,18.53,56.25,1.36,0.87,83.41,2.1,27.75,199.06,147.82,high
1286,20/03/2020 11:10,31.3,18.59,57.5,1.36,0.85,79.24,2.1,27.7,205.36,149.72,high
1287,20/03/2020 11:15,31.4,18.53,56.6,1.36,0.89,87.91,2.2,27.7,195.48,149.72,high
1288,20/03/2020 11:20,31.3,18.69,57.7,1.36,0.93,88.93,2.19,27.7,201.18,151.6,high
1289,20/03/2020 11:25,31.3,18.72,57.5,1.36,1.48,80.6,2.19,27.7,201.18,151.6,high
1290,20/03/2020 11:30,31.4,18.66,57.1,1.36,1.52,90.38,2.19,27.7,198.35,151.6,high
1291,20/03/2020 11:35,31.7,18.66,56.2,1.36,0.89,90.21,2.19,27.7,198.35,149.72,high
1292,20/03/2020 11:40,31.5,18.73,57.1,1.36,0.91,94.18,2.23,27.7,202.59,151.6,high
1293,20/03/2020 11:45,32,18.89,55.9,1.36,1,92.72,2.17,27.8,201.18,147.82,high
1294,20/03/2020 11:50,31.8,18.69,55.9,1.36,1.14,95.33,2.27,27.8,202.59,149.72,high
1295,20/03/2020 11:55,31.9,18.69,55.8,1.36,0.98,96.55,2.19,27.8,196.92,149.72,high
1296,20/03/2020 12:00,31.8,18.56,55.8,1.36,0.96,89.64,2.45,27.8,195.48,145.89,high
1297,20/03/2020 12:05,31.9,18.99,56.5,1.36,0.93,92.54,2.36,27.8,198.35,149.72,high
1298,20/03/2020 12:10,31.9,19.13,56.9,1.36,2.73,97.06,2.27,27.8,201.18,149.72,high
1299,20/03/2020 12:15,31.8,19.26,57.7,1.36,2.42,89.43,2.27,27.8,196.92,147.82,high
1300,20/03/2020 12:20,31.8,19.16,57.5,1.36,1.05,97.65,2.31,27.8,198.35,151.6,high
1301,20/03/2020 12:25,31.4,19.09,58.4,1.36,1.07,92.58,2.22,27.8,201.18,152.53,high
1302,20/03/2020 12:30,31.3,18.98,58.9,1.36,1.02,84.23,2.14,27.9,195.48,151.6,high
1303,20/03/2020 12:35,31.2,19.1,58.6,1.36,0.96,91.3,2.32,27.9,192.56,141.96,high
1304,20/03/2020 12:40,31.1,19.29,59.89,1.36,0.98,88.85,2.05,27.9,202.59,143.94,high
1305,20/03/2020 12:45,31,19.35,60.4,1.36,1,83.4,2.05,27.8,202.59,143.94,high
1306,20/03/2020 12:50,31.1,19.1,59.3,1.36,1.11,90.98,2.19,27.8,202.59,143.94,high
1307,20/03/2020 12:55,31.1,18.91,58.8,1.36,1.06,85.7,2.2,27.8,196.92,145.89,high
1308,20/03/2020 13:00,31,19.03,59.69,1.36,1.08,83.6,2.09,27.8,198.35,143.94,high
1309,20/03/2020 13:05,31.2,19.07,58.9,1.3,1.11,82.96,1.93,27.8,195.48,143.94,high
1310,20/03/2020 13:10,31.4,19.12,58.4,1.23,1.15,88.22,2.06,27.8,201.19,143.94,high
1311,20/03/2020 13:15,30.8,18.92,59.7,1.23,1.1,83.17,2.17,27.8,203.98,143.94,high
1312,20/03/2020 13:20,31.2,18.66,57.3,1.23,0.98,92.5,2.16,27.8,196.92,145.89,high
1313,20/03/2020 13:25,31.7,18.93,56.9,1.04,0.77,94.45,2.16,27.8,201.18,143.94,high
1314,20/03/2020 13:30,31.3,19.18,58.9,1.04,0.76,87.43,2.15,27.8,195.48,143.94,high
1315,20/03/2020 13:35,31.5,19.21,58.4,1.04,0.78,95.77,2.12,27.8,202.59,145.89,high
1316,20/03/2020 13:40,31,19.03,59.4,1.04,0.8,98.24,2.26,27.8,198.35,143.94,high
1317,20/03/2020 13:45,31.7,19.26,57.9,1.04,0.83,91.35,2.16,27.9,201.25,147.88,high
1318,20/03/2020 13:50,31.6,19.3,58.4,1.04,0.92,105.6,2.38,27.8,456.11,408.37,high
1319,20/03/2020 13:55,31.5,19.78,60.1,1.04,0.88,109.21,2.49,27.8,473.17,406.98,high
1320,20/03/2020 14:00,31.7,19.56,58.8,1.04,0.93,107.88,2.37,27.7,463.5,405.59,high
1321,20/03/2020 14:05,31.4,19.9,60.8,1.04,0.87,109.26,2.51,27.6,478.52,410.45,high
1322,20/03/2020 14:10,31.6,19.82,59.9,1.05,0.95,110.32,2.51,27.6,483.81,417.29,high
1323,20/03/2020 14:15,31.6,19.95,60.3,1.05,1.02,108.63,2.4,27.6,479.11,413.2,high
1324,20/03/2020 14:20,31.9,19.73,58.5,1.05,1.11,104.91,2.45,27.6,198.35,151.6,high
1325,20/03/2020 14:25,32.1,19.95,58.4,1.05,1.03,102.15,2.31,27.7,196.92,149.72,high
1326,20/03/2020 14:30,31.8,19.87,59.7,1.05,1.03,103.36,2.26,27.7,201.18,151.6,high
1327,20/03/2020 14:35,32.6,19.93,57.1,1.05,1.02,109.42,2.26,27.8,196.92,151.6,high
1328,20/03/2020 14:40,32.8,19.79,56,1.05,1,105.44,2.27,27.8,201.18,153.46,high
1329,20/03/2020 14:45,32.6,19.61,56.2,1.05,0.99,98.67,2.38,27.8,480.88,408.37,high
1330,20/03/2020 14:50,32.3,19.68,57.6,1.05,0.98,105.32,2.49,27.7,477.34,407.68,high
1331,20/03/2020 14:55,32.1,19.67,57.7,1.05,0.97,109.4,2.43,27.7,479.11,422.01,high
1332,20/03/2020 15:00,31.8,19.69,59.2,1.05,1.01,105.51,2.43,27.6,467.15,409.76,high
1333,20/03/2020 15:05,31.5,19.56,59.4,1.05,1,108.13,2.42,27.7,477.34,414.56,high
1334,20/03/2020 15:10,31.6,19.62,59.3,1.05,1.04,116.56,2.59,27.6,486.15,413.88,high
1335,20/03/2020 15:15,31.7,19.86,59.4,1.05,1.04,116.32,2.59,27.6,479.7,416.61,high
1336,20/03/2020 15:20,32,20.03,59.2,1.05,1.06,109.96,2.23,27.7,202.59,149.72,high
1337,20/03/2020 15:25,32.3,19.79,57.9,1.05,1.01,109.79,2.36,27.7,198.35,149.72,high
1338,20/03/2020 15:30,31.9,19.9,59.2,1.05,0.97,105.92,2.44,27.7,202.59,151.6,high
1339,20/03/2020 15:35,31.8,19.63,58.8,1.05,0.94,105.69,2.34,27.8,201.19,147.82,high
1340,20/03/2020 15:40,31.5,19.98,60.9,1.05,0.97,106,2.25,27.8,195.49,411.14,high
1341,20/03/2020 15:45,31.4,20.1,61.6,1.05,0.96,112.75,2.63,27.8,474.96,408.98,high
1342,20/03/2020 15:50,31,20.1,62.7,1.05,0.93,115.19,2.54,27.8,473.17,408.37,high
1343,20/03/2020 15:55,30.8,20.1,63.5,1.19,1.02,114.04,2.79,27.7,464.72,411.14,high
1344,20/03/2020 16:00,30.8,20.25,63.6,1.19,1.15,115.08,2.67,27.7,195.48,149.72,high
1345,20/03/2020 16:05,30.6,20.2,64.4,1.19,1.1,108.7,2.35,27.7,196.92,147.82,high
1346,20/03/2020 16:10,30.5,20.15,64.7,1.19,0.96,107.05,2.41,27.8,196.92,149.72,high
1347,20/03/2020 16:15,30.1,19.76,64.8,1.19,1.45,103.26,2.38,27.8,198.35,151.6,high
1348,20/03/2020 16:20,30.2,19.86,64.4,1.19,1.36,105.24,2.31,27.8,201.23,147.86,high
1349,20/03/2020 16:25,30.4,19.9,64,1.19,1.27,106.65,2.6,27.8,476.74,406.99,high
1350,20/03/2020 16:30,30.5,20.4,65.4,1.19,1.3,107.93,2.44,27.8,470.77,406.29,high
1351,20/03/2020 16:35,30.4,20.48,66,1.19,1.27,110.76,2.54,27.7,470.17,409.07,high
1352,20/03/2020 16:40,30.3,20.04,65,1.19,1.29,103.28,2.54,27.7,205.36,151.6,high
1353,20/03/2020 16:45,30.6,19.95,63.6,1.19,1.25,103.21,2.37,27.7,205.36,147.82,high
1354,20/03/2020 16:50,31,20.05,62.6,1.19,1.31,111.6,2.66,27.8,208.1,149.72,high
1355,20/03/2020 16:55,31.2,20.03,61.51,1.19,1.29,106.64,2.38,27.8,205.36,151.6,high
1356,20/03/2020 17:00,31,20.37,63.6,1.19,1.17,107.11,2.31,27.8,204.02,147.87,high
1357,20/03/2020 17:05,30.5,20.1,64.2,1.06,0.93,105.92,2.45,27.8,482.06,409.76,high
1358,20/03/2020 17:10,30.5,20.1,64.7,1.06,0.99,108.64,2.45,27.8,487.89,410.45,high
1359,20/03/2020 17:15,30.5,20.21,64.5,1.06,0.92,105.54,2.41,27.7,461.59,411.75,high
1360,20/03/2020 17:20,30.7,20.02,63.5,1.05,0.92,104.81,2.38,27.7,205.36,149.72,high
1361,20/03/2020 17:25,31.1,20.05,62.3,1.04,0.96,103.35,2.39,27.7,196.92,149.72,high
1362,20/03/2020 17:30,30.9,20.14,63.1,1.04,0.98,98.89,2.4,27.7,480.29,408.37,high
1363,20/03/2020 17:35,30.8,20.44,64.5,1.04,1.17,107,2.4,27.7,473.77,409.76,high
1364,20/03/2020 17:40,30.5,20.46,65.6,1.04,0.98,103.74,2.33,27.7,481.17,406.97,high
1365,20/03/2020 17:45,30.5,20.46,65.3,1.04,0.96,97.58,2.3,27.7,483.81,406.28,high
1366,20/03/2020 17:50,30.23,20.37,66.57,1.04,0.88,93.44,2.04,27.7,203.27,147.82,high
1367,20/03/2020 17:55,29.9,20.31,67.5,1.04,0.79,98.17,2,27.7,197.85,145.87,high
1368,20/03/2020 18:00,30,20.4,67.05,1.04,0.78,93.27,1.88,27.78,71.79,59.04,high
1369,20/03/2020 18:05,29.9,20.27,67.1,1.04,0.81,96.29,1.95,27.8,29.14,18.43,high
1370,20/03/2020 18:10,29.8,20.18,67.2,1.04,0.82,87.47,2.07,27.9,25.03,26.21,high
1371,20/03/2020 18:15,29.8,20.18,67.4,1.04,0.84,90.37,2.04,28,16.82,18.43,high
1372,20/03/2020 18:20,29.9,20.15,67,1.04,0.81,101.33,1.94,27.9,29.14,38.37,high
1373,20/03/2020 18:25,29.8,20.03,66.9,1.04,0.82,90.43,2.05,28,29.14,30.1,low
1374,20/03/2020 18:30,29.8,20.03,66.6,1.04,0.81,91.14,1.96,27.9,0,30.1,low
1375,20/03/2020 18:35,29.6,20.04,67.5,1.04,0.84,0,1.85,28,0,38.37,low
1376,20/03/2020 18:40,29.6,20.04,67.6,1.04,0.81,0,1.78,28,0,38.37,low
1377,20/03/2020 18:45,29.5,20.04,67.8,1.04,0.78,0,0.28,28,0,38.36,low
1378,20/03/2020 18:50,29.3,19.82,67.8,1.04,0.78,0,0.28,28,0,38.37,low
1379,20/03/2020 18:55,29.1,19.88,68.75,1.04,0.77,0,0.28,28.1,29.13,0,low
1380,20/03/2020 19:00,29,19.86,69.1,1.05,0.79,0,0.28,28.2,16.82,18.43,low
1381,20/03/2020 19:05,28.9,19.84,69.2,1.05,0.76,0,0.28,28.2,16.82,18.43,low
1382,20/03/2020 19:10,28.9,19.82,69.4,0.64,0.73,0,0.28,28.2,0,30.1,low
1383,20/03/2020 19:15,28.8,19.74,69.3,0.62,0.7,0,0.28,28.3,0,30.1,low
1384,20/03/2020 19:20,28.8,19.6,69.5,0.62,0.74,0,0.28,28.3,0,0,low
1385,20/03/2020 19:25,28.8,19.6,69.5,0.63,0.72,0,0.28,28.3,0,18.43,low
1386,20/03/2020 19:30,28.6,19.61,69.75,0.63,0.74,0,0.28,28.2,0.82,19,low
1387,20/03/2020 19:35,28.6,19.61,69.8,0.63,0.75,0,0.28,28.2,16.82,30.1,low
1388,20/03/2020 19:40,28.5,19.61,70,0.63,0.73,0,0.28,28.1,0,45.14,low
1389,20/03/2020 19:45,28.5,19.61,70.2,0.63,0.73,0,0.28,28.1,0,45.14,low
1390,20/03/2020 19:50,28.4,19.61,70.3,0.63,0.76,0,0.28,28.2,0,36.24,low
1391,20/03/2020 19:55,28.4,19.61,70.5,0.64,0.79,0,0.28,28.3,16.82,18.43,low
1392,20/03/2020 20:00,28.3,19.4,70,0.64,0.77,0,0.28,28.3,0,30.09,low
1393,20/03/2020 20:05,28.3,19.4,70,0.64,0.77,0,0.28,28.3,0,18.43,low
1394,20/03/2020 20:10,28.3,19.4,70,0.64,0.78,0,0.28,28.3,0,30.1,low
1395,20/03/2020 20:15,28.3,19.29,70.25,0.64,0.77,0,0.28,28.3,16.82,30.09,high
1396,20/03/2020 20:20,28.3,19.4,70.7,0.64,0.82,0,0.28,28.2,0,38.36,high
1397,20/03/2020 20:25,28.1,19.4,70.8,0.64,0.84,0,0.28,28.3,0,38.37,high
1398,20/03/2020 20:30,28.1,19.4,70.8,0.63,0.79,0,0.28,28.4,0,30.1,high
1399,20/03/2020 20:35,28.1,19.4,71,0.63,0.79,0,0.28,28.3,29.14,30.1,high
1400,20/03/2020 20:40,28.1,19.4,71,0.63,0.79,0,0.28,28.2,29.14,38.37,high
1401,20/03/2020 20:45,28.1,19.54,71.2,0.63,0.86,0,0.28,28.2,29.14,38.37,high
1402,20/03/2020 20:50,28.1,19.54,71.5,0.63,0.88,0,0.28,28.2,29.14,38.37,high
1403,20/03/2020 20:55,28,19.43,71.7,0.63,0.89,0,0.28,28.3,29.14,45.14,high
1404,20/03/2020 21:00,28,19.54,72,0.63,0.92,0,0.28,28.3,29.14,38.37,high
1405,20/03/2020 21:05,27.9,19.54,72.3,0.71,0.91,0,0.28,28.4,16.82,38.37,high
1406,20/03/2020 21:10,27.9,19.54,72.3,0.71,0.92,0,0.28,28.4,0,38.37,low
1407,20/03/2020 21:15,27.9,19.54,72.2,0.71,1.25,0,0.28,28.3,16.82,18.43,low
1408,20/03/2020 21:20,27.9,19.54,72,0.7,0.93,0,0.28,28.4,16.82,0,low
1409,20/03/2020 21:25,27.9,19.54,72,0.69,0.86,0,0.28,28.4,0,18.43,low
1410,20/03/2020 21:30,27.9,19.54,72.3,0.69,0.86,0,0.28,28.3,0,18.43,low
1411,20/03/2020 21:35,27.8,19.54,72.7,0.69,0.82,0,0.28,28.3,0,9.21,low
1412,20/03/2020 21:40,27.8,19.54,72.4,0.69,0.76,0,0.28,28.3,0,0,low
1413,20/03/2020 21:45,27.8,19.54,72.5,0.69,0.75,0,0.28,28.3,0,30.09,low
1414,20/03/2020 21:50,27.8,19.54,72.7,0.69,0.72,0,0.28,28.3,0,0,low
1415,20/03/2020 21:55,27.8,19.65,72.8,0.69,0.7,0,0.28,28.3,0,30.09,low
1416,20/03/2020 22:00,27.8,19.65,73,0.69,0.74,0,0.28,28.3,0,9.22,low
1417,20/03/2020 22:05,27.8,19.63,73.1,0.69,0.74,0,0.28,28.3,0,0,low
1418,20/03/2020 22:10,27.8,19.63,73.1,0.69,0.74,0,0.28,28.3,0,0,low
1419,20/03/2020 22:15,27.8,19.74,73.2,0.69,0.72,0,0.28,28.3,0,0,low
1420,20/03/2020 22:20,27.8,19.63,73.3,0.69,0.7,0,0.28,28.3,0,30.09,low
1421,20/03/2020 22:25,27.8,19.68,73.4,0.69,0.68,0,0.28,28.3,0,0,low
1422,20/03/2020 22:30,27.8,19.68,73.4,0.69,0.68,0,0.28,28.3,0,18.43,low
1423,20/03/2020 22:35,27.8,19.79,73.4,0.69,0.69,0,0.28,28.3,0,18.43,low
1424,20/03/2020 22:40,27.8,19.68,73.4,0.69,1,0,0.28,28.3,0,18.43,low
1425,20/03/2020 22:45,27.8,19.68,73.3,0.69,0.69,0,0.28,28.3,0,30.09,low
1426,20/03/2020 22:50,27.8,19.68,73.4,0.69,0.68,0,0.28,28.3,0,30.1,low
1427,20/03/2020 22:55,27.8,19.68,73.4,0.69,0.67,0,0.28,28.2,0,30.1,low
1428,20/03/2020 23:00,27.8,19.68,73.6,0.69,0.69,0,0.28,28.2,0,30.1,low
1429,20/03/2020 23:05,27.8,19.68,73.4,0.69,0.64,0,0.28,28.3,0,30.1,low
1430,20/03/2020 23:10,27.6,19.68,73.6,0.69,0.63,0,0.28,28.3,0,18.43,low
1431,20/03/2020 23:15,27.6,19.68,73.6,0.69,0.78,0,0.28,28.3,0,18.43,low
1432,20/03/2020 23:20,27.6,19.57,73.6,0.69,0.66,0,0.28,28.3,0,30.1,low
1433,20/03/2020 23:25,27.6,19.57,73.4,0.69,0.66,0,0.28,28.3,16.82,30.1,low
1434,20/03/2020 23:30,27.6,19.57,73.5,0.69,0.67,0,0.28,28.3,0,30.09,low
1435,20/03/2020 23:35,27.6,19.57,73.77,0.69,0.66,0,0.28,28.3,0,30.1,low
1436,20/03/2020 23:40,27.6,19.57,73.5,0.69,0.66,0,0.28,28.3,0,38.36,low
1437,20/03/2020 23:45,27.7,19.68,73.5,0.69,0.64,0,0.28,28.4,0,30.1,low
1438,20/03/2020 23:50,27.6,19.57,73.5,0.69,0.67,0,0.28,28.5,16.82,18.43,low
1439,20/03/2020 23:55,27.6,19.57,73.7,0.1,0.65,0,0.28,28.5,16.82,18.43,low
